timestamp,commit,branch,benchmark,estimate_ns
2026-03-24T18:16:28Z,e6cfd50,main,ray/snell_air_glass,14.500
2026-03-24T18:16:28Z,e6cfd50,main,ray/snell_tir_check,16.851
2026-03-24T18:16:28Z,e6cfd50,main,ray/fresnel_normal,1.2264
2026-03-24T18:16:28Z,e6cfd50,main,ray/fresnel_s,2.0574
2026-03-24T18:16:28Z,e6cfd50,main,ray/fresnel_p,2.0412
2026-03-24T18:16:28Z,e6cfd50,main,ray/fresnel_unpolarized,34.563
2026-03-24T18:16:28Z,e6cfd50,main,ray/critical_angle,7.2256
2026-03-24T18:16:28Z,e6cfd50,main,ray/reflect_2d,1.8050
2026-03-24T18:16:28Z,e6cfd50,main,ray/reflect_3d,2.5363
2026-03-24T18:16:28Z,e6cfd50,main,ray/beer_lambert,4.7794
2026-03-24T18:16:28Z,e6cfd50,main,ray/brewster_angle,8.4979
2026-03-24T18:16:28Z,e6cfd50,main,ray/refract_3d,9.0169
2026-03-24T18:16:28Z,e6cfd50,main,ray/snell_3d,17.994
2026-03-24T18:16:28Z,e6cfd50,main,ray/sellmeier_n_at,6.0109
2026-03-24T18:16:28Z,e6cfd50,main,ray/cauchy_n_at,1.1633
2026-03-24T18:16:28Z,e6cfd50,main,ray/abbe_number,13.635
2026-03-24T18:16:28Z,e6cfd50,main,ray/prism_deviation,17.019
2026-03-24T18:16:28Z,e6cfd50,main,ray/trace_plane_surface,13.924
2026-03-24T18:16:28Z,e6cfd50,main,ray/trace_sphere_surface,32.130
2026-03-24T18:16:28Z,e6cfd50,main,ray/trace_sequential_2,141.54
2026-03-24T18:16:28Z,e6cfd50,main,ray/prism_dispersion,22.181
2026-03-24T18:16:28Z,e6cfd50,main,ray/prism_angular_spread,43.128
2026-03-24T18:16:28Z,e6cfd50,main,spectral/wavelength_to_rgb,3.2183
2026-03-24T18:16:28Z,e6cfd50,main,spectral/wavelength_to_rgb_edge,2.8118
2026-03-24T18:16:28Z,e6cfd50,main,spectral/planck_radiance,6.8680
2026-03-24T18:16:28Z,e6cfd50,main,spectral/wien_peak,1.1620
2026-03-24T18:16:28Z,e6cfd50,main,spectral/color_temp_to_rgb,12.939
2026-03-24T18:16:28Z,e6cfd50,main,spectral/color_temp_warm,13.013
2026-03-24T18:16:28Z,e6cfd50,main,spectral/photon_energy_ev,2.3253
2026-03-24T18:16:28Z,e6cfd50,main,spectral/wavelength_to_frequency,1.1663
2026-03-24T18:16:28Z,e6cfd50,main,spectral/frequency_to_wavelength,1.1826
2026-03-24T18:16:28Z,e6cfd50,main,spectral/photon_energy,1.1813
2026-03-24T18:16:28Z,e6cfd50,main,spectral/rgb_luminance,1.2757
2026-03-24T18:16:28Z,e6cfd50,main,spectral/rgb_to_u8,3.5225
2026-03-24T18:16:28Z,e6cfd50,main,spectral/cie_cmf_at,3.9260
2026-03-24T18:16:28Z,e6cfd50,main,spectral/cie_cmf_at_interp,3.9012
2026-03-24T18:16:28Z,e6cfd50,main,spectral/xyz_to_xyy,2.2963
2026-03-24T18:16:28Z,e6cfd50,main,spectral/xyz_to_srgb,54.969
2026-03-24T18:16:28Z,e6cfd50,main,spectral/xyz_to_linear_srgb,2.2062
2026-03-24T18:16:28Z,e6cfd50,main,spectral/linear_srgb_to_xyz,1.9713
2026-03-24T18:16:28Z,e6cfd50,main,spectral/srgb_gamma,12.691
2026-03-24T18:16:28Z,e6cfd50,main,spectral/srgb_gamma_inv,13.285
2026-03-24T18:16:28Z,e6cfd50,main,spectral/cct_from_xy,1.9718
2026-03-24T18:16:28Z,e6cfd50,main,spectral/spd_blackbody,617.18
2026-03-24T18:16:28Z,e6cfd50,main,spectral/spd_to_xyz,65.547
2026-03-24T18:16:28Z,e6cfd50,main,spectral/spd_to_srgb,116.85
2026-03-24T18:16:28Z,e6cfd50,main,spectral/cri,894.16
2026-03-24T18:16:28Z,e6cfd50,main,wave/interference,8.0106
2026-03-24T18:16:28Z,e6cfd50,main,wave/single_slit,18.247
2026-03-24T18:16:28Z,e6cfd50,main,wave/double_slit,28.131
2026-03-24T18:16:28Z,e6cfd50,main,wave/malus_law,7.9248
2026-03-24T18:16:28Z,e6cfd50,main,wave/thin_film,11.937
2026-03-24T18:16:28Z,e6cfd50,main,wave/path_to_phase,1.1776
2026-03-24T18:16:28Z,e6cfd50,main,wave/grating_maxima_3,32.417
2026-03-24T18:16:28Z,e6cfd50,main,wave/polarization_intensity,1.2564
2026-03-24T18:16:28Z,e6cfd50,main,wave/polarization_through,11.792
2026-03-24T18:16:28Z,e6cfd50,main,wave/is_constructive,2.8503
2026-03-24T18:16:28Z,e6cfd50,main,wave/is_destructive,2.8457
2026-03-24T18:16:28Z,e6cfd50,main,wave/coherence_length,1.1969
2026-03-24T18:16:28Z,e6cfd50,main,wave/coherence_time,2.3262
2026-03-24T18:16:28Z,e6cfd50,main,wave/bessel_j1,11.806
2026-03-24T18:16:28Z,e6cfd50,main,wave/bessel_j1_large,14.823
2026-03-24T18:16:28Z,e6cfd50,main,wave/airy_pattern,13.839
2026-03-24T18:16:28Z,e6cfd50,main,wave/fp_transmittance,19.114
2026-03-24T18:16:28Z,e6cfd50,main,wave/fp_finesse,3.4449
2026-03-24T18:16:28Z,e6cfd50,main,wave/fp_resolving_power,4.0550
2026-03-24T18:16:28Z,e6cfd50,main,wave/stokes_dop,3.6492
2026-03-24T18:16:28Z,e6cfd50,main,wave/mueller_apply,6.6601
2026-03-24T18:16:28Z,e6cfd50,main,wave/mueller_multiply,13.185
2026-03-24T18:16:28Z,e6cfd50,main,wave/mueller_polarizer,14.040
2026-03-24T18:16:28Z,e6cfd50,main,wave/mueller_retarder,12.078
2026-03-24T18:16:28Z,e6cfd50,main,wave/mueller_chain_3,9.8997
2026-03-24T18:16:28Z,e6cfd50,main,wave/birefringent_retardation,1.2127
2026-03-24T18:16:28Z,e6cfd50,main,wave/fraunhofer_rect,39.658
2026-03-24T18:16:28Z,e6cfd50,main,wave/fresnel_c,16.606
2026-03-24T18:16:28Z,e6cfd50,main,wave/fresnel_s,16.860
2026-03-24T18:16:28Z,e6cfd50,main,wave/fresnel_edge,19.181
2026-03-24T18:16:28Z,e6cfd50,main,wave/huygens_fresnel_50,1238.3000
2026-03-24T18:16:28Z,e6cfd50,main,wave/coating_reflectance,16.408
2026-03-24T18:16:28Z,e6cfd50,main,wave/multilayer_2,35.642
2026-03-24T18:16:28Z,e6cfd50,main,lens/thin_lens,1.6711
2026-03-24T18:16:28Z,e6cfd50,main,lens/magnification,1.2634
2026-03-24T18:16:28Z,e6cfd50,main,lens/lensmaker,2.9117
2026-03-24T18:16:28Z,e6cfd50,main,lens/depth_of_field,3.7154
2026-03-24T18:16:28Z,e6cfd50,main,lens/optical_power,2.0188
2026-03-24T18:16:28Z,e6cfd50,main,lens/combined_focal,1.8313
2026-03-24T18:16:28Z,e6cfd50,main,lens/mirror_focal,0.5216
2026-03-24T18:16:28Z,e6cfd50,main,lens/thick_lens,3.7998
2026-03-24T18:16:28Z,e6cfd50,main,lens/cardinal_points,6.0336
2026-03-24T18:16:28Z,e6cfd50,main,lens/f_number,1.1833
2026-03-24T18:16:28Z,e6cfd50,main,lens/numerical_aperture,8.1029
2026-03-24T18:16:28Z,e6cfd50,main,lens/airy_disk_radius,0.7809
2026-03-24T18:16:28Z,e6cfd50,main,lens/field_of_view,7.8416
2026-03-24T18:16:28Z,e6cfd50,main,lens/mtf_diffraction,8.1286
2026-03-24T18:16:28Z,e6cfd50,main,lens/seidel_coefficients,14.333
2026-03-24T18:16:28Z,e6cfd50,main,lens/separated_lenses,4.1694
2026-03-24T18:16:28Z,e6cfd50,main,lens/aperture_from_f_number,1.3301
2026-03-24T18:16:28Z,e6cfd50,main,lens/na_from_f_number,1.2594
2026-03-24T18:16:28Z,e6cfd50,main,lens/diffraction_limit,1.2043
2026-03-24T18:16:28Z,e6cfd50,main,lens/field_of_view_diagonal,15.968
2026-03-24T18:16:28Z,e6cfd50,main,lens/mtf_cutoff_frequency,1.3572
2026-03-24T18:16:28Z,e6cfd50,main,lens/shape_factor,1.6129
2026-03-24T18:16:28Z,e6cfd50,main,lens/conjugate_factor,1.7097
2026-03-24T18:16:28Z,e6cfd50,main,lens/lsa,5.2312
2026-03-24T18:16:28Z,e6cfd50,main,lens/chromatic_aberration,1.2667
2026-03-24T18:16:28Z,e6cfd50,main,lens/petzval_sum,2.4425
2026-03-24T18:16:28Z,e6cfd50,main,lens/separated_lenses_bfd,4.8719
2026-03-24T18:16:28Z,e6cfd50,main,pbr/fresnel_schlick,1.2835
2026-03-24T18:16:28Z,e6cfd50,main,pbr/fresnel_schlick_rgb,2.3196
2026-03-24T18:16:28Z,e6cfd50,main,pbr/distribution_ggx,3.7906
2026-03-24T18:16:28Z,e6cfd50,main,pbr/distribution_beckmann,15.120
2026-03-24T18:16:28Z,e6cfd50,main,pbr/geometry_schlick_ggx,1.7081
2026-03-24T18:16:28Z,e6cfd50,main,pbr/geometry_smith,2.9114
2026-03-24T18:16:28Z,e6cfd50,main,pbr/cook_torrance,7.6283
2026-03-24T18:16:28Z,e6cfd50,main,pbr/lambert_diffuse,1.1985
2026-03-24T18:16:28Z,e6cfd50,main,pbr/lambert_diffuse_rgb,2.4334
2026-03-24T18:16:28Z,e6cfd50,main,pbr/ior_to_f0,1.2414
2026-03-24T18:16:28Z,e6cfd50,main,pbr/ggx_aniso,4.0543
2026-03-24T18:16:28Z,e6cfd50,main,pbr/geometry_smith_aniso,6.9889
2026-03-24T18:16:28Z,e6cfd50,main,pbr/sheen_charlie,19.268
2026-03-24T18:16:28Z,e6cfd50,main,pbr/sheen_ashikhmin,2.3333
2026-03-24T18:16:28Z,e6cfd50,main,pbr/clearcoat_brdf,8.6889
2026-03-24T18:16:28Z,e6cfd50,main,pbr/clearcoat_blend,2.7075
2026-03-24T18:16:28Z,e6cfd50,main,pbr/sss_burley,15.402
2026-03-24T18:16:28Z,e6cfd50,main,pbr/sss_gaussian,7.2106
2026-03-24T18:16:28Z,e6cfd50,main,pbr/subsurface_diffuse,5.6786
2026-03-24T18:16:28Z,e6cfd50,main,pbr/iridescence_fresnel,38.985
2026-03-24T18:16:28Z,e6cfd50,main,pbr/iridescence_rgb,62.043
2026-03-24T18:16:28Z,e6cfd50,main,pbr/henyey_greenstein,4.3830
2026-03-24T18:16:28Z,e6cfd50,main,pbr/phase_rayleigh,1.2028
2026-03-24T18:16:28Z,e6cfd50,main,pbr/volume_transmittance,4.6336
2026-03-24T18:16:28Z,e6cfd50,main,pbr/inscattering,8.0392
2026-03-24T18:16:28Z,e6cfd50,main,pbr/sample_ggx,22.974
2026-03-24T18:16:28Z,e6cfd50,main,pbr/sample_ggx_pdf,3.7106
2026-03-24T18:16:28Z,e6cfd50,main,pbr/sample_cosine,14.454
2026-03-24T18:16:28Z,e6cfd50,main,pbr/split_sum,3.3976
2026-03-24T18:16:28Z,e6cfd50,main,pbr/integrate_brdf_64,1629.4000
2026-03-24T18:48:48Z,e6cfd50,main,ray/snell_air_glass,14.901
2026-03-24T18:48:48Z,e6cfd50,main,ray/snell_tir_check,19.173
2026-03-24T18:48:48Z,e6cfd50,main,ray/fresnel_normal,1.3166
2026-03-24T18:48:48Z,e6cfd50,main,ray/fresnel_s,2.4154
2026-03-24T18:48:48Z,e6cfd50,main,ray/fresnel_p,2.1941
2026-03-24T18:48:48Z,e6cfd50,main,ray/fresnel_unpolarized,35.546
2026-03-24T18:48:48Z,e6cfd50,main,ray/critical_angle,7.3909
2026-03-24T18:48:48Z,e6cfd50,main,ray/reflect_2d,1.9155
2026-03-24T18:48:48Z,e6cfd50,main,ray/reflect_3d,2.6077
2026-03-24T18:48:48Z,e6cfd50,main,ray/beer_lambert,5.0946
2026-03-24T18:48:48Z,e6cfd50,main,ray/brewster_angle,8.7976
2026-03-24T18:48:48Z,e6cfd50,main,ray/refract_3d,9.5222
2026-03-24T18:48:48Z,e6cfd50,main,ray/snell_3d,18.226
2026-03-24T18:48:48Z,e6cfd50,main,ray/sellmeier_n_at,6.1477
2026-03-24T18:48:48Z,e6cfd50,main,ray/cauchy_n_at,1.1968
2026-03-24T18:48:48Z,e6cfd50,main,ray/abbe_number,13.855
2026-03-24T18:48:48Z,e6cfd50,main,ray/prism_deviation,17.515
2026-03-24T18:48:48Z,e6cfd50,main,ray/trace_plane_surface,14.285
2026-03-24T18:48:48Z,e6cfd50,main,ray/trace_sphere_surface,33.598
2026-03-24T18:48:48Z,e6cfd50,main,ray/trace_sequential_2,144.82
2026-03-24T18:48:48Z,e6cfd50,main,ray/prism_dispersion,22.999
2026-03-24T18:48:48Z,e6cfd50,main,ray/prism_angular_spread,43.680
2026-03-24T18:48:48Z,e6cfd50,main,spectral/wavelength_to_rgb,3.3526
2026-03-24T18:48:48Z,e6cfd50,main,spectral/wavelength_to_rgb_edge,2.9492
2026-03-24T18:48:48Z,e6cfd50,main,spectral/planck_radiance,7.0788
2026-03-24T18:48:48Z,e6cfd50,main,spectral/wien_peak,1.2277
2026-03-24T18:48:48Z,e6cfd50,main,spectral/color_temp_to_rgb,13.961
2026-03-24T18:48:48Z,e6cfd50,main,spectral/color_temp_warm,16.912
2026-03-24T18:48:48Z,e6cfd50,main,spectral/photon_energy_ev,2.6341
2026-03-24T18:48:48Z,e6cfd50,main,spectral/wavelength_to_frequency,1.2878
2026-03-24T18:48:48Z,e6cfd50,main,spectral/frequency_to_wavelength,1.2612
2026-03-24T18:48:48Z,e6cfd50,main,spectral/photon_energy,1.2838
2026-03-24T18:48:48Z,e6cfd50,main,spectral/rgb_luminance,1.5538
2026-03-24T18:48:48Z,e6cfd50,main,spectral/rgb_to_u8,4.1560
2026-03-24T18:48:48Z,e6cfd50,main,spectral/cie_cmf_at,4.6372
2026-03-24T18:48:48Z,e6cfd50,main,spectral/cie_cmf_at_interp,4.2401
2026-03-24T18:48:48Z,e6cfd50,main,spectral/xyz_to_xyy,2.8509
2026-03-24T18:48:48Z,e6cfd50,main,spectral/xyz_to_srgb,67.106
2026-03-24T18:48:48Z,e6cfd50,main,spectral/xyz_to_linear_srgb,2.7548
2026-03-24T18:48:48Z,e6cfd50,main,spectral/linear_srgb_to_xyz,1.9268
2026-03-24T18:48:48Z,e6cfd50,main,spectral/srgb_gamma,14.636
2026-03-24T18:48:48Z,e6cfd50,main,spectral/srgb_gamma_inv,15.711
2026-03-24T18:48:48Z,e6cfd50,main,spectral/cct_from_xy,2.3639
2026-03-24T18:48:48Z,e6cfd50,main,spectral/spd_blackbody,675.67
2026-03-24T18:48:48Z,e6cfd50,main,spectral/spd_to_xyz,75.682
2026-03-24T18:48:48Z,e6cfd50,main,spectral/spd_to_srgb,131.53
2026-03-24T18:48:48Z,e6cfd50,main,spectral/cri,1017.0000
2026-03-24T18:48:48Z,e6cfd50,main,wave/interference,8.9983
2026-03-24T18:48:48Z,e6cfd50,main,wave/single_slit,20.538
2026-03-24T18:48:48Z,e6cfd50,main,wave/double_slit,31.131
2026-03-24T18:48:48Z,e6cfd50,main,wave/malus_law,8.4910
2026-03-24T18:48:48Z,e6cfd50,main,wave/thin_film,13.188
2026-03-24T18:48:48Z,e6cfd50,main,wave/path_to_phase,1.2415
2026-03-24T18:48:48Z,e6cfd50,main,wave/grating_maxima_3,32.291
2026-03-24T18:48:48Z,e6cfd50,main,wave/polarization_intensity,1.3071
2026-03-24T18:48:48Z,e6cfd50,main,wave/polarization_through,12.201
2026-03-24T18:48:48Z,e6cfd50,main,wave/is_constructive,3.1980
2026-03-24T18:48:48Z,e6cfd50,main,wave/is_destructive,3.1809
2026-03-24T18:48:48Z,e6cfd50,main,wave/coherence_length,1.2970
2026-03-24T18:48:48Z,e6cfd50,main,wave/coherence_time,2.5834
2026-03-24T18:48:48Z,e6cfd50,main,wave/bessel_j1,11.587
2026-03-24T18:48:48Z,e6cfd50,main,wave/bessel_j1_large,19.781
2026-03-24T18:48:48Z,e6cfd50,main,wave/airy_pattern,16.180
2026-03-24T18:48:48Z,e6cfd50,main,wave/fp_transmittance,22.008
2026-03-24T18:48:48Z,e6cfd50,main,wave/fp_finesse,3.8121
2026-03-24T18:48:48Z,e6cfd50,main,wave/fp_resolving_power,5.0360
2026-03-24T18:48:48Z,e6cfd50,main,wave/stokes_dop,4.4201
2026-03-24T18:48:48Z,e6cfd50,main,wave/mueller_apply,8.0803
2026-03-24T18:48:48Z,e6cfd50,main,wave/mueller_multiply,15.138
2026-03-24T18:48:48Z,e6cfd50,main,wave/mueller_polarizer,17.861
2026-03-24T18:48:48Z,e6cfd50,main,wave/mueller_retarder,15.609
2026-03-24T18:48:48Z,e6cfd50,main,wave/mueller_chain_3,13.796
2026-03-24T18:48:48Z,e6cfd50,main,wave/birefringent_retardation,1.7311
2026-03-24T18:48:48Z,e6cfd50,main,wave/fraunhofer_rect,48.996
2026-03-24T18:48:48Z,e6cfd50,main,wave/fresnel_c,22.809
2026-03-24T18:48:48Z,e6cfd50,main,wave/fresnel_s,20.238
2026-03-24T18:48:48Z,e6cfd50,main,wave/fresnel_edge,24.175
2026-03-24T18:48:48Z,e6cfd50,main,wave/huygens_fresnel_50,1919.4000
2026-03-24T18:48:48Z,e6cfd50,main,wave/coating_reflectance,19.938
2026-03-24T18:48:48Z,e6cfd50,main,wave/multilayer_2,45.375
2026-03-24T18:48:48Z,e6cfd50,main,lens/thin_lens,2.1503
2026-03-24T18:48:48Z,e6cfd50,main,lens/magnification,1.4700
2026-03-24T18:48:48Z,e6cfd50,main,lens/lensmaker,3.3531
2026-03-24T18:48:48Z,e6cfd50,main,lens/depth_of_field,4.4330
2026-03-24T18:48:48Z,e6cfd50,main,lens/optical_power,2.0485
2026-03-24T18:48:48Z,e6cfd50,main,lens/combined_focal,1.9747
2026-03-24T18:48:48Z,e6cfd50,main,lens/mirror_focal,0.8041
2026-03-24T18:48:48Z,e6cfd50,main,lens/thick_lens,5.0266
2026-03-24T18:48:48Z,e6cfd50,main,lens/cardinal_points,8.4842
2026-03-24T18:48:48Z,e6cfd50,main,lens/f_number,1.3717
2026-03-24T18:48:48Z,e6cfd50,main,lens/numerical_aperture,10.074
2026-03-24T18:48:48Z,e6cfd50,main,lens/airy_disk_radius,0.9881
2026-03-24T18:48:48Z,e6cfd50,main,lens/field_of_view,9.9345
2026-03-24T18:48:48Z,e6cfd50,main,lens/mtf_diffraction,10.259
2026-03-24T18:48:48Z,e6cfd50,main,lens/seidel_coefficients,15.390
2026-03-24T18:48:48Z,e6cfd50,main,lens/separated_lenses,4.2042
2026-03-24T18:48:48Z,e6cfd50,main,lens/aperture_from_f_number,1.3892
2026-03-24T18:48:48Z,e6cfd50,main,lens/na_from_f_number,1.2814
2026-03-24T18:48:48Z,e6cfd50,main,lens/diffraction_limit,1.4320
2026-03-24T18:48:48Z,e6cfd50,main,lens/field_of_view_diagonal,18.144
2026-03-24T18:48:48Z,e6cfd50,main,lens/mtf_cutoff_frequency,1.4682
2026-03-24T18:48:48Z,e6cfd50,main,lens/shape_factor,1.2397
2026-03-24T18:48:48Z,e6cfd50,main,lens/conjugate_factor,1.3126
2026-03-24T18:48:48Z,e6cfd50,main,lens/lsa,4.6800
2026-03-24T18:48:48Z,e6cfd50,main,lens/chromatic_aberration,1.3670
2026-03-24T18:48:48Z,e6cfd50,main,lens/petzval_sum,2.6998
2026-03-24T18:48:48Z,e6cfd50,main,lens/separated_lenses_bfd,6.3503
2026-03-24T18:48:48Z,e6cfd50,main,pbr/fresnel_schlick,1.3605
2026-03-24T18:48:48Z,e6cfd50,main,pbr/fresnel_schlick_rgb,2.3250
2026-03-24T18:48:48Z,e6cfd50,main,pbr/distribution_ggx,2.4944
2026-03-24T18:48:48Z,e6cfd50,main,pbr/distribution_beckmann,14.145
2026-03-24T18:48:48Z,e6cfd50,main,pbr/geometry_schlick_ggx,3.1104
2026-03-24T18:48:48Z,e6cfd50,main,pbr/geometry_smith,3.8279
2026-03-24T18:48:48Z,e6cfd50,main,pbr/cook_torrance,8.4189
2026-03-24T18:48:48Z,e6cfd50,main,pbr/lambert_diffuse,1.4528
2026-03-24T18:48:48Z,e6cfd50,main,pbr/lambert_diffuse_rgb,3.1239
2026-03-24T18:48:48Z,e6cfd50,main,pbr/ior_to_f0,1.6797
2026-03-24T18:48:48Z,e6cfd50,main,pbr/ggx_aniso,8.4316
2026-03-24T18:48:48Z,e6cfd50,main,pbr/geometry_smith_aniso,13.798
2026-03-24T18:48:48Z,e6cfd50,main,pbr/sheen_charlie,30.855
2026-03-24T18:48:48Z,e6cfd50,main,pbr/sheen_ashikhmin,1.7686
2026-03-24T18:48:48Z,e6cfd50,main,pbr/clearcoat_brdf,5.8031
2026-03-24T18:48:48Z,e6cfd50,main,pbr/clearcoat_blend,2.9333
2026-03-24T18:48:48Z,e6cfd50,main,pbr/sss_burley,15.122
2026-03-24T18:48:48Z,e6cfd50,main,pbr/sss_gaussian,7.4435
2026-03-24T18:48:48Z,e6cfd50,main,pbr/subsurface_diffuse,6.3767
2026-03-24T18:48:48Z,e6cfd50,main,pbr/iridescence_fresnel,31.051
2026-03-24T18:48:48Z,e6cfd50,main,pbr/iridescence_rgb,64.106
2026-03-24T18:48:48Z,e6cfd50,main,pbr/henyey_greenstein,5.0712
2026-03-24T18:48:48Z,e6cfd50,main,pbr/phase_rayleigh,1.4691
2026-03-24T18:48:48Z,e6cfd50,main,pbr/volume_transmittance,5.9221
2026-03-24T18:48:48Z,e6cfd50,main,pbr/inscattering,9.2024
2026-03-24T18:48:48Z,e6cfd50,main,pbr/sample_ggx,27.882
2026-03-24T18:48:48Z,e6cfd50,main,pbr/sample_ggx_pdf,4.3165
2026-03-24T18:48:48Z,e6cfd50,main,pbr/sample_cosine,18.436
2026-03-24T18:48:48Z,e6cfd50,main,pbr/split_sum,4.0877
2026-03-24T18:48:48Z,e6cfd50,main,pbr/integrate_brdf_64,2190.9000
2026-03-24T19:35:14Z,4e91f47,main,ray/snell_air_glass,18.570
2026-03-24T19:35:14Z,4e91f47,main,ray/snell_tir_check,22.069
2026-03-24T19:35:14Z,4e91f47,main,ray/fresnel_normal,1.4871
2026-03-24T19:35:14Z,4e91f47,main,ray/fresnel_s,2.2142
2026-03-24T19:35:14Z,4e91f47,main,ray/fresnel_p,2.6442
2026-03-24T19:35:14Z,4e91f47,main,ray/fresnel_unpolarized,38.862
2026-03-24T19:35:14Z,4e91f47,main,ray/critical_angle,8.0513
2026-03-24T19:35:14Z,4e91f47,main,ray/reflect_2d,1.9481
2026-03-24T19:35:14Z,4e91f47,main,ray/reflect_3d,2.6744
2026-03-24T19:35:14Z,4e91f47,main,ray/beer_lambert,5.6852
2026-03-24T19:35:14Z,4e91f47,main,ray/brewster_angle,12.600
2026-03-24T19:35:14Z,4e91f47,main,ray/refract_3d,10.591
2026-03-24T19:35:14Z,4e91f47,main,ray/snell_3d,17.330
2026-03-24T19:35:14Z,4e91f47,main,ray/sellmeier_n_at,8.3710
2026-03-24T19:35:14Z,4e91f47,main,ray/cauchy_n_at,1.2419
2026-03-24T19:35:14Z,4e91f47,main,ray/abbe_number,14.130
2026-03-24T19:35:14Z,4e91f47,main,ray/prism_deviation,19.347
2026-03-24T19:35:14Z,4e91f47,main,ray/trace_plane_surface,20.054
2026-03-24T19:35:14Z,4e91f47,main,ray/trace_sphere_surface,36.330
2026-03-24T19:35:14Z,4e91f47,main,ray/trace_sequential_2,151.90
2026-03-24T19:35:14Z,4e91f47,main,ray/prism_dispersion,21.923
2026-03-24T19:35:14Z,4e91f47,main,ray/prism_angular_spread,42.827
2026-03-24T19:35:14Z,4e91f47,main,spectral/wavelength_to_rgb,4.1116
2026-03-24T19:35:14Z,4e91f47,main,spectral/wavelength_to_rgb_edge,4.1437
2026-03-24T19:35:14Z,4e91f47,main,spectral/planck_radiance,6.8984
2026-03-24T19:35:14Z,4e91f47,main,spectral/wien_peak,1.1620
2026-03-24T19:35:14Z,4e91f47,main,spectral/color_temp_to_rgb,16.270
2026-03-24T19:35:14Z,4e91f47,main,spectral/color_temp_warm,16.250
2026-03-24T19:35:14Z,4e91f47,main,spectral/photon_energy_ev,2.3286
2026-03-24T19:35:14Z,4e91f47,main,spectral/wavelength_to_frequency,1.1566
2026-03-24T19:35:14Z,4e91f47,main,spectral/frequency_to_wavelength,1.1818
2026-03-24T19:35:14Z,4e91f47,main,spectral/photon_energy,1.1804
2026-03-24T19:35:14Z,4e91f47,main,spectral/rgb_luminance,1.2739
2026-03-24T19:35:14Z,4e91f47,main,spectral/rgb_to_u8,3.3920
2026-03-24T19:35:14Z,4e91f47,main,spectral/cie_cmf_at,3.8953
2026-03-24T19:35:14Z,4e91f47,main,spectral/cie_cmf_at_interp,3.9221
2026-03-24T19:35:14Z,4e91f47,main,spectral/xyz_to_xyy,2.2679
2026-03-24T19:35:14Z,4e91f47,main,spectral/xyz_to_srgb,54.012
2026-03-24T19:35:14Z,4e91f47,main,spectral/xyz_to_linear_srgb,2.2091
2026-03-24T19:35:14Z,4e91f47,main,spectral/linear_srgb_to_xyz,1.5716
2026-03-24T19:35:14Z,4e91f47,main,spectral/srgb_gamma,11.826
2026-03-24T19:35:14Z,4e91f47,main,spectral/srgb_gamma_inv,13.338
2026-03-24T19:35:14Z,4e91f47,main,spectral/cct_from_xy,1.9936
2026-03-24T19:35:14Z,4e91f47,main,spectral/spd_blackbody,618.09
2026-03-24T19:35:14Z,4e91f47,main,spectral/spd_to_xyz,66.846
2026-03-24T19:35:14Z,4e91f47,main,spectral/spd_to_srgb,128.01
2026-03-24T19:35:14Z,4e91f47,main,spectral/cri,896.05
2026-03-24T19:35:14Z,4e91f47,main,wave/interference,8.0811
2026-03-24T19:35:14Z,4e91f47,main,wave/single_slit,17.866
2026-03-24T19:35:14Z,4e91f47,main,wave/double_slit,28.096
2026-03-24T19:35:14Z,4e91f47,main,wave/malus_law,7.9166
2026-03-24T19:35:14Z,4e91f47,main,wave/thin_film,12.472
2026-03-24T19:35:14Z,4e91f47,main,wave/path_to_phase,1.1854
2026-03-24T19:35:14Z,4e91f47,main,wave/grating_maxima_3,31.593
2026-03-24T19:35:14Z,4e91f47,main,wave/polarization_intensity,1.2878
2026-03-24T19:35:14Z,4e91f47,main,wave/polarization_through,11.743
2026-03-24T19:35:14Z,4e91f47,main,wave/is_constructive,2.6864
2026-03-24T19:35:14Z,4e91f47,main,wave/is_destructive,2.8022
2026-03-24T19:35:14Z,4e91f47,main,wave/coherence_length,1.1968
2026-03-24T19:35:14Z,4e91f47,main,wave/coherence_time,2.3216
2026-03-24T19:35:14Z,4e91f47,main,wave/bessel_j1,11.903
2026-03-24T19:35:14Z,4e91f47,main,wave/bessel_j1_large,15.209
2026-03-24T19:35:14Z,4e91f47,main,wave/airy_pattern,15.174
2026-03-24T19:35:14Z,4e91f47,main,wave/fp_transmittance,20.435
2026-03-24T19:35:14Z,4e91f47,main,wave/fp_finesse,3.4472
2026-03-24T19:35:14Z,4e91f47,main,wave/fp_resolving_power,4.4047
2026-03-24T19:35:14Z,4e91f47,main,wave/stokes_dop,3.6787
2026-03-24T19:35:14Z,4e91f47,main,wave/mueller_apply,7.2107
2026-03-24T19:35:14Z,4e91f47,main,wave/mueller_multiply,13.565
2026-03-24T19:35:14Z,4e91f47,main,wave/mueller_polarizer,14.265
2026-03-24T19:35:14Z,4e91f47,main,wave/mueller_retarder,12.965
2026-03-24T19:35:14Z,4e91f47,main,wave/mueller_chain_3,11.064
2026-03-24T19:35:14Z,4e91f47,main,wave/birefringent_retardation,1.2110
2026-03-24T19:35:14Z,4e91f47,main,wave/fraunhofer_rect,40.415
2026-03-24T19:35:14Z,4e91f47,main,wave/fresnel_c,16.764
2026-03-24T19:35:14Z,4e91f47,main,wave/fresnel_s,16.689
2026-03-24T19:35:14Z,4e91f47,main,wave/fresnel_edge,18.074
2026-03-24T19:35:14Z,4e91f47,main,wave/huygens_fresnel_50,1221.3000
2026-03-24T19:35:14Z,4e91f47,main,wave/coating_reflectance,15.839
2026-03-24T19:35:14Z,4e91f47,main,wave/multilayer_2,36.823
2026-03-24T19:35:14Z,4e91f47,main,lens/thin_lens,1.5627
2026-03-24T19:35:14Z,4e91f47,main,lens/magnification,1.1724
2026-03-24T19:35:14Z,4e91f47,main,lens/lensmaker,2.5928
2026-03-24T19:35:14Z,4e91f47,main,lens/depth_of_field,3.6434
2026-03-24T19:35:14Z,4e91f47,main,lens/optical_power,1.9224
2026-03-24T19:35:14Z,4e91f47,main,lens/combined_focal,1.7572
2026-03-24T19:35:14Z,4e91f47,main,lens/mirror_focal,0.5144
2026-03-24T19:35:14Z,4e91f47,main,lens/thick_lens,3.6211
2026-03-24T19:35:14Z,4e91f47,main,lens/cardinal_points,8.4532
2026-03-24T19:35:14Z,4e91f47,main,lens/f_number,1.1553
2026-03-24T19:35:14Z,4e91f47,main,lens/numerical_aperture,7.9890
2026-03-24T19:35:14Z,4e91f47,main,lens/airy_disk_radius,0.7935
2026-03-24T19:35:14Z,4e91f47,main,lens/field_of_view,8.1097
2026-03-24T19:35:14Z,4e91f47,main,lens/mtf_diffraction,8.7994
2026-03-24T19:35:14Z,4e91f47,main,lens/seidel_coefficients,10.921
2026-03-24T19:35:14Z,4e91f47,main,lens/separated_lenses,3.5869
2026-03-24T19:35:14Z,4e91f47,main,lens/aperture_from_f_number,1.2215
2026-03-24T19:35:14Z,4e91f47,main,lens/na_from_f_number,1.1963
2026-03-24T19:35:14Z,4e91f47,main,lens/diffraction_limit,1.2019
2026-03-24T19:35:14Z,4e91f47,main,lens/field_of_view_diagonal,15.710
2026-03-24T19:35:14Z,4e91f47,main,lens/mtf_cutoff_frequency,1.1954
2026-03-24T19:35:14Z,4e91f47,main,lens/shape_factor,1.2274
2026-03-24T19:35:14Z,4e91f47,main,lens/conjugate_factor,1.2082
2026-03-24T19:35:14Z,4e91f47,main,lens/lsa,3.8355
2026-03-24T19:35:14Z,4e91f47,main,lens/chromatic_aberration,1.1951
2026-03-24T19:35:14Z,4e91f47,main,lens/petzval_sum,2.3886
2026-03-24T19:35:14Z,4e91f47,main,lens/separated_lenses_bfd,4.7838
2026-03-24T19:35:14Z,4e91f47,main,pbr/fresnel_schlick,1.2653
2026-03-24T19:35:14Z,4e91f47,main,pbr/fresnel_schlick_rgb,2.2706
2026-03-24T19:35:14Z,4e91f47,main,pbr/distribution_ggx,2.5225
2026-03-24T19:35:14Z,4e91f47,main,pbr/distribution_beckmann,8.4423
2026-03-24T19:35:14Z,4e91f47,main,pbr/geometry_schlick_ggx,1.7199
2026-03-24T19:35:14Z,4e91f47,main,pbr/geometry_smith,2.6484
2026-03-24T19:35:14Z,4e91f47,main,pbr/cook_torrance,7.7905
2026-03-24T19:35:14Z,4e91f47,main,pbr/lambert_diffuse,1.1779
2026-03-24T19:35:14Z,4e91f47,main,pbr/lambert_diffuse_rgb,2.3638
2026-03-24T19:35:14Z,4e91f47,main,pbr/ior_to_f0,1.3132
2026-03-24T19:35:14Z,4e91f47,main,pbr/ggx_aniso,3.9097
2026-03-24T19:35:14Z,4e91f47,main,pbr/geometry_smith_aniso,6.7501
2026-03-24T19:35:14Z,4e91f47,main,pbr/sheen_charlie,18.336
2026-03-24T19:35:14Z,4e91f47,main,pbr/sheen_ashikhmin,1.2029
2026-03-24T19:35:14Z,4e91f47,main,pbr/clearcoat_brdf,4.7650
2026-03-24T19:35:14Z,4e91f47,main,pbr/clearcoat_blend,2.3247
2026-03-24T19:35:14Z,4e91f47,main,pbr/sss_burley,12.040
2026-03-24T19:35:14Z,4e91f47,main,pbr/sss_gaussian,9.0097
2026-03-24T19:35:14Z,4e91f47,main,pbr/subsurface_diffuse,5.1893
2026-03-24T19:35:14Z,4e91f47,main,pbr/iridescence_fresnel,25.897
2026-03-24T19:35:14Z,4e91f47,main,pbr/iridescence_rgb,54.736
2026-03-24T19:35:14Z,4e91f47,main,pbr/henyey_greenstein,4.5973
2026-03-24T19:35:14Z,4e91f47,main,pbr/phase_rayleigh,1.2293
2026-03-24T19:35:14Z,4e91f47,main,pbr/volume_transmittance,4.4382
2026-03-24T19:35:14Z,4e91f47,main,pbr/inscattering,7.8879
2026-03-24T19:35:14Z,4e91f47,main,pbr/sample_ggx,24.330
2026-03-24T19:35:14Z,4e91f47,main,pbr/sample_ggx_pdf,3.3676
2026-03-24T19:35:14Z,4e91f47,main,pbr/sample_cosine,14.442
2026-03-24T19:35:14Z,4e91f47,main,pbr/split_sum,3.5087
2026-03-24T19:35:14Z,4e91f47,main,pbr/integrate_brdf_64,1635.0000
2026-03-24T19:35:14Z,4e91f47,main,atmosphere/rayleigh_cross_section,1.1894
2026-03-24T19:35:14Z,4e91f47,main,atmosphere/rayleigh_scattering_coeff,1.2241
2026-03-24T19:35:14Z,4e91f47,main,atmosphere/rayleigh_at_altitude,5.7473
2026-03-24T19:35:14Z,4e91f47,main,atmosphere/rayleigh_phase,1.2177
2026-03-24T19:35:14Z,4e91f47,main,atmosphere/mie_phase_cornette_shanks,3.7732
2026-03-24T19:35:14Z,4e91f47,main,atmosphere/air_mass,24.347
2026-03-24T19:35:14Z,4e91f47,main,atmosphere/air_mass_horizon,22.213
2026-03-24T19:35:14Z,4e91f47,main,atmosphere/optical_depth_rayleigh,1.2720
2026-03-24T19:35:14Z,4e91f47,main,atmosphere/atmospheric_transmittance,32.157
2026-03-24T19:35:14Z,4e91f47,main,atmosphere/sky_color_rgb,53.700
2026-03-24T19:35:14Z,4e91f47,main,atmosphere/sunlight_color,44.707
2026-03-24T19:35:14Z,4e91f47,main,atmosphere/sunset_gradient,79.375
2026-03-24T19:35:14Z,4e91f47,main,atmosphere/scattering_angle,40.427
2026-03-24T20:15:57Z,d23e4da,main,ray/snell_air_glass,18.337
2026-03-24T20:15:57Z,d23e4da,main,ray/snell_tir_check,21.874
2026-03-24T20:15:57Z,d23e4da,main,ray/fresnel_normal,1.3942
2026-03-24T20:15:57Z,d23e4da,main,ray/fresnel_s,2.2754
2026-03-24T20:15:57Z,d23e4da,main,ray/fresnel_p,2.2510
2026-03-24T20:15:57Z,d23e4da,main,ray/fresnel_unpolarized,25.741
2026-03-24T20:15:57Z,d23e4da,main,ray/critical_angle,7.1606
2026-03-24T20:15:57Z,d23e4da,main,ray/reflect_2d,1.8104
2026-03-24T20:15:57Z,d23e4da,main,ray/reflect_3d,2.5973
2026-03-24T20:15:57Z,d23e4da,main,ray/beer_lambert,5.0888
2026-03-24T20:15:57Z,d23e4da,main,ray/brewster_angle,9.0026
2026-03-24T20:15:57Z,d23e4da,main,ray/refract_3d,11.462
2026-03-24T20:15:57Z,d23e4da,main,ray/snell_3d,20.271
2026-03-24T20:15:57Z,d23e4da,main,ray/sellmeier_n_at,8.2287
2026-03-24T20:15:57Z,d23e4da,main,ray/cauchy_n_at,1.6310
2026-03-24T20:15:57Z,d23e4da,main,ray/abbe_number,15.972
2026-03-24T20:15:57Z,d23e4da,main,ray/prism_deviation,19.764
2026-03-24T20:15:57Z,d23e4da,main,ray/trace_plane_surface,17.195
2026-03-24T20:15:57Z,d23e4da,main,ray/trace_sphere_surface,44.475
2026-03-24T20:15:57Z,d23e4da,main,ray/trace_sequential_2,163.98
2026-03-24T20:15:57Z,d23e4da,main,ray/prism_dispersion,33.535
2026-03-24T20:15:57Z,d23e4da,main,ray/prism_angular_spread,54.767
2026-03-24T20:15:57Z,d23e4da,main,spectral/wavelength_to_rgb,6.0888
2026-03-24T20:15:57Z,d23e4da,main,spectral/wavelength_to_rgb_edge,4.7993
2026-03-24T20:15:57Z,d23e4da,main,spectral/planck_radiance,8.5783
2026-03-24T20:15:57Z,d23e4da,main,spectral/wien_peak,1.2281
2026-03-24T20:15:57Z,d23e4da,main,spectral/color_temp_to_rgb,21.368
2026-03-24T20:15:57Z,d23e4da,main,spectral/color_temp_warm,20.041
2026-03-24T20:15:57Z,d23e4da,main,spectral/photon_energy_ev,2.5521
2026-03-24T20:15:57Z,d23e4da,main,spectral/wavelength_to_frequency,1.2409
2026-03-24T20:15:57Z,d23e4da,main,spectral/frequency_to_wavelength,1.2851
2026-03-24T20:15:57Z,d23e4da,main,spectral/photon_energy,1.2213
2026-03-24T20:15:57Z,d23e4da,main,spectral/rgb_luminance,1.3040
2026-03-24T20:15:57Z,d23e4da,main,spectral/rgb_to_u8,3.6149
2026-03-24T20:15:57Z,d23e4da,main,spectral/cie_cmf_at,4.0656
2026-03-24T20:15:57Z,d23e4da,main,spectral/cie_cmf_at_interp,4.0518
2026-03-24T20:15:57Z,d23e4da,main,spectral/xyz_to_xyy,2.3296
2026-03-24T20:15:57Z,d23e4da,main,spectral/xyz_to_srgb,55.278
2026-03-24T20:15:57Z,d23e4da,main,spectral/xyz_to_linear_srgb,2.2924
2026-03-24T20:15:57Z,d23e4da,main,spectral/linear_srgb_to_xyz,1.7370
2026-03-24T20:15:57Z,d23e4da,main,spectral/srgb_gamma,14.657
2026-03-24T20:15:57Z,d23e4da,main,spectral/srgb_gamma_inv,13.849
2026-03-24T20:15:57Z,d23e4da,main,spectral/cct_from_xy,2.7894
2026-03-24T20:15:57Z,d23e4da,main,spectral/spd_blackbody,643.57
2026-03-24T20:15:57Z,d23e4da,main,spectral/spd_to_xyz,72.406
2026-03-24T20:15:57Z,d23e4da,main,spectral/spd_to_srgb,143.10
2026-03-24T20:15:57Z,d23e4da,main,spectral/cri,1015.5000
2026-03-24T20:15:57Z,d23e4da,main,wave/interference,8.5869
2026-03-24T20:15:57Z,d23e4da,main,wave/single_slit,19.302
2026-03-24T20:15:57Z,d23e4da,main,wave/double_slit,30.847
2026-03-24T20:15:57Z,d23e4da,main,wave/malus_law,8.4165
2026-03-24T20:15:57Z,d23e4da,main,wave/thin_film,12.814
2026-03-24T20:15:57Z,d23e4da,main,wave/path_to_phase,1.2327
2026-03-24T20:15:57Z,d23e4da,main,wave/grating_maxima_3,33.843
2026-03-24T20:15:57Z,d23e4da,main,wave/polarization_intensity,1.2868
2026-03-24T20:15:57Z,d23e4da,main,wave/polarization_through,13.039
2026-03-24T20:15:57Z,d23e4da,main,wave/is_constructive,2.8146
2026-03-24T20:15:57Z,d23e4da,main,wave/is_destructive,3.4287
2026-03-24T20:15:57Z,d23e4da,main,wave/coherence_length,1.3457
2026-03-24T20:15:57Z,d23e4da,main,wave/coherence_time,2.5752
2026-03-24T20:15:57Z,d23e4da,main,wave/bessel_j1,13.337
2026-03-24T20:15:57Z,d23e4da,main,wave/bessel_j1_large,16.864
2026-03-24T20:15:57Z,d23e4da,main,wave/airy_pattern,16.561
2026-03-24T20:15:57Z,d23e4da,main,wave/fp_transmittance,22.301
2026-03-24T20:15:57Z,d23e4da,main,wave/fp_finesse,3.7870
2026-03-24T20:15:57Z,d23e4da,main,wave/fp_resolving_power,4.0666
2026-03-24T20:15:57Z,d23e4da,main,wave/stokes_dop,4.1511
2026-03-24T20:15:57Z,d23e4da,main,wave/mueller_apply,7.3859
2026-03-24T20:15:57Z,d23e4da,main,wave/mueller_multiply,15.246
2026-03-24T20:15:57Z,d23e4da,main,wave/mueller_polarizer,16.963
2026-03-24T20:15:57Z,d23e4da,main,wave/mueller_retarder,14.356
2026-03-24T20:15:57Z,d23e4da,main,wave/mueller_chain_3,11.574
2026-03-24T20:15:57Z,d23e4da,main,wave/birefringent_retardation,1.3417
2026-03-24T20:15:57Z,d23e4da,main,wave/fraunhofer_rect,46.313
2026-03-24T20:15:57Z,d23e4da,main,wave/fresnel_c,19.633
2026-03-24T20:15:57Z,d23e4da,main,wave/fresnel_s,18.718
2026-03-24T20:15:57Z,d23e4da,main,wave/fresnel_edge,21.686
2026-03-24T20:15:57Z,d23e4da,main,wave/huygens_fresnel_50,1366.8000
2026-03-24T20:15:57Z,d23e4da,main,wave/coating_reflectance,17.754
2026-03-24T20:15:57Z,d23e4da,main,wave/multilayer_2,41.476
2026-03-24T20:15:57Z,d23e4da,main,lens/thin_lens,1.8033
2026-03-24T20:15:57Z,d23e4da,main,lens/magnification,1.3858
2026-03-24T20:15:57Z,d23e4da,main,lens/lensmaker,3.2005
2026-03-24T20:15:57Z,d23e4da,main,lens/depth_of_field,4.2259
2026-03-24T20:15:57Z,d23e4da,main,lens/optical_power,2.0217
2026-03-24T20:15:57Z,d23e4da,main,lens/combined_focal,2.0515
2026-03-24T20:15:57Z,d23e4da,main,lens/mirror_focal,0.6078
2026-03-24T20:15:57Z,d23e4da,main,lens/thick_lens,4.0167
2026-03-24T20:15:57Z,d23e4da,main,lens/cardinal_points,9.3354
2026-03-24T20:15:57Z,d23e4da,main,lens/f_number,1.2428
2026-03-24T20:15:57Z,d23e4da,main,lens/numerical_aperture,8.5598
2026-03-24T20:15:57Z,d23e4da,main,lens/airy_disk_radius,0.8868
2026-03-24T20:15:57Z,d23e4da,main,lens/field_of_view,8.5854
2026-03-24T20:15:57Z,d23e4da,main,lens/mtf_diffraction,8.8989
2026-03-24T20:15:57Z,d23e4da,main,lens/seidel_coefficients,11.791
2026-03-24T20:15:57Z,d23e4da,main,lens/separated_lenses,3.7564
2026-03-24T20:15:57Z,d23e4da,main,lens/aperture_from_f_number,1.3782
2026-03-24T20:15:57Z,d23e4da,main,lens/na_from_f_number,1.3033
2026-03-24T20:15:57Z,d23e4da,main,lens/diffraction_limit,1.2755
2026-03-24T20:15:57Z,d23e4da,main,lens/field_of_view_diagonal,18.836
2026-03-24T20:15:57Z,d23e4da,main,lens/mtf_cutoff_frequency,1.3300
2026-03-24T20:15:57Z,d23e4da,main,lens/shape_factor,1.2690
2026-03-24T20:15:57Z,d23e4da,main,lens/conjugate_factor,1.2945
2026-03-24T20:15:57Z,d23e4da,main,lens/lsa,4.0546
2026-03-24T20:15:57Z,d23e4da,main,lens/chromatic_aberration,1.3917
2026-03-24T20:15:57Z,d23e4da,main,lens/petzval_sum,2.7150
2026-03-24T20:15:57Z,d23e4da,main,lens/separated_lenses_bfd,5.3459
2026-03-24T20:15:57Z,d23e4da,main,pbr/fresnel_schlick,1.5629
2026-03-24T20:15:57Z,d23e4da,main,pbr/fresnel_schlick_rgb,2.6105
2026-03-24T20:15:57Z,d23e4da,main,pbr/distribution_ggx,2.6824
2026-03-24T20:15:57Z,d23e4da,main,pbr/distribution_beckmann,9.6311
2026-03-24T20:15:57Z,d23e4da,main,pbr/geometry_schlick_ggx,1.8134
2026-03-24T20:15:57Z,d23e4da,main,pbr/geometry_smith,3.2242
2026-03-24T20:15:57Z,d23e4da,main,pbr/cook_torrance,9.3757
2026-03-24T20:15:57Z,d23e4da,main,pbr/lambert_diffuse,0.6697
2026-03-24T20:15:57Z,d23e4da,main,pbr/lambert_diffuse_rgb,1.5531
2026-03-24T20:15:57Z,d23e4da,main,pbr/ior_to_f0,1.1928
2026-03-24T20:15:57Z,d23e4da,main,pbr/ggx_aniso,3.7512
2026-03-24T20:15:57Z,d23e4da,main,pbr/geometry_smith_aniso,6.8586
2026-03-24T20:15:57Z,d23e4da,main,pbr/sheen_charlie,18.988
2026-03-24T20:15:57Z,d23e4da,main,pbr/sheen_ashikhmin,1.2403
2026-03-24T20:15:57Z,d23e4da,main,pbr/clearcoat_brdf,4.8152
2026-03-24T20:15:57Z,d23e4da,main,pbr/clearcoat_blend,2.3668
2026-03-24T20:15:57Z,d23e4da,main,pbr/sss_burley,11.915
2026-03-24T20:15:57Z,d23e4da,main,pbr/sss_gaussian,6.8767
2026-03-24T20:15:57Z,d23e4da,main,pbr/subsurface_diffuse,4.9685
2026-03-24T20:15:57Z,d23e4da,main,pbr/iridescence_fresnel,23.615
2026-03-24T20:15:57Z,d23e4da,main,pbr/iridescence_rgb,49.255
2026-03-24T20:15:57Z,d23e4da,main,pbr/henyey_greenstein,3.7460
2026-03-24T20:15:57Z,d23e4da,main,pbr/phase_rayleigh,1.1664
2026-03-24T20:15:57Z,d23e4da,main,pbr/volume_transmittance,4.4085
2026-03-24T20:15:57Z,d23e4da,main,pbr/inscattering,8.1381
2026-03-24T20:15:57Z,d23e4da,main,pbr/sample_ggx,22.563
2026-03-24T20:15:57Z,d23e4da,main,pbr/sample_ggx_pdf,3.3301
2026-03-24T20:15:57Z,d23e4da,main,pbr/sample_cosine,13.568
2026-03-24T20:15:57Z,d23e4da,main,pbr/split_sum,3.1582
2026-03-24T20:15:57Z,d23e4da,main,pbr/integrate_brdf_64,1624.4000
2026-03-24T20:15:57Z,d23e4da,main,atmosphere/rayleigh_cross_section,1.1694
2026-03-24T20:15:57Z,d23e4da,main,atmosphere/rayleigh_scattering_coeff,1.2013
2026-03-24T20:15:57Z,d23e4da,main,atmosphere/rayleigh_at_altitude,5.8319
2026-03-24T20:15:57Z,d23e4da,main,atmosphere/rayleigh_phase,1.1669
2026-03-24T20:15:57Z,d23e4da,main,atmosphere/mie_phase_cornette_shanks,3.9135
2026-03-24T20:15:57Z,d23e4da,main,atmosphere/air_mass,22.544
2026-03-24T20:15:57Z,d23e4da,main,atmosphere/air_mass_horizon,20.827
2026-03-24T20:15:57Z,d23e4da,main,atmosphere/optical_depth_rayleigh,1.2224
2026-03-24T20:15:57Z,d23e4da,main,atmosphere/atmospheric_transmittance,30.930
2026-03-24T20:15:57Z,d23e4da,main,atmosphere/sky_color_rgb,50.352
2026-03-24T20:15:57Z,d23e4da,main,atmosphere/sunlight_color,45.605
2026-03-24T20:15:57Z,d23e4da,main,atmosphere/sunset_gradient,94.301
2026-03-24T20:15:57Z,d23e4da,main,atmosphere/scattering_angle,49.519
2026-03-24T21:37:25Z,25f9e2a,main,ray/snell_air_glass,15.664
2026-03-24T21:37:25Z,25f9e2a,main,ray/snell_tir_check,18.046
2026-03-24T21:37:25Z,25f9e2a,main,ray/fresnel_normal,1.2120
2026-03-24T21:37:25Z,25f9e2a,main,ray/fresnel_s,2.0344
2026-03-24T21:37:25Z,25f9e2a,main,ray/fresnel_p,2.0383
2026-03-24T21:37:25Z,25f9e2a,main,ray/fresnel_unpolarized,21.796
2026-03-24T21:37:25Z,25f9e2a,main,ray/critical_angle,6.7500
2026-03-24T21:37:25Z,25f9e2a,main,ray/reflect_2d,1.7257
2026-03-24T21:37:25Z,25f9e2a,main,ray/reflect_3d,2.4968
2026-03-24T21:37:25Z,25f9e2a,main,ray/beer_lambert,4.7563
2026-03-24T21:37:25Z,25f9e2a,main,ray/brewster_angle,8.3567
2026-03-24T21:37:25Z,25f9e2a,main,ray/refract_3d,7.7250
2026-03-24T21:37:25Z,25f9e2a,main,ray/snell_3d,17.217
2026-03-24T21:37:25Z,25f9e2a,main,ray/sellmeier_n_at,5.9968
2026-03-24T21:37:25Z,25f9e2a,main,ray/cauchy_n_at,1.1536
2026-03-24T21:37:25Z,25f9e2a,main,ray/abbe_number,13.544
2026-03-24T21:37:25Z,25f9e2a,main,ray/prism_deviation,16.793
2026-03-24T21:37:25Z,25f9e2a,main,ray/trace_plane_surface,14.217
2026-03-24T21:37:25Z,25f9e2a,main,ray/trace_sphere_surface,32.043
2026-03-24T21:37:25Z,25f9e2a,main,ray/trace_sequential_2,141.34
2026-03-24T21:37:25Z,25f9e2a,main,ray/prism_dispersion,22.086
2026-03-24T21:37:25Z,25f9e2a,main,ray/prism_angular_spread,50.192
2026-03-24T21:37:25Z,25f9e2a,main,ray/trace_recursive_2,2083.6000
2026-03-24T21:37:25Z,25f9e2a,main,ray/ray_fan_meridional_21,117.18
2026-03-24T21:37:25Z,25f9e2a,main,ray/ray_bundle_3x8,466.11
2026-03-24T21:37:25Z,25f9e2a,main,ray/spot_diagram_2x6,2417.5000
2026-03-24T21:37:25Z,25f9e2a,main,ray/optical_path_length,165.26
2026-03-24T21:37:25Z,25f9e2a,main,spectral/wavelength_to_rgb,4.3210
2026-03-24T21:37:25Z,25f9e2a,main,spectral/wavelength_to_rgb_edge,3.9876
2026-03-24T21:37:25Z,25f9e2a,main,spectral/planck_radiance,10.039
2026-03-24T21:37:25Z,25f9e2a,main,spectral/wien_peak,1.2505
2026-03-24T21:37:25Z,25f9e2a,main,spectral/color_temp_to_rgb,20.506
2026-03-24T21:37:25Z,25f9e2a,main,spectral/color_temp_warm,20.439
2026-03-24T21:37:25Z,25f9e2a,main,spectral/photon_energy_ev,2.4373
2026-03-24T21:37:25Z,25f9e2a,main,spectral/wavelength_to_frequency,1.1891
2026-03-24T21:37:25Z,25f9e2a,main,spectral/frequency_to_wavelength,1.2003
2026-03-24T21:37:25Z,25f9e2a,main,spectral/photon_energy,1.2012
2026-03-24T21:37:25Z,25f9e2a,main,spectral/rgb_luminance,1.5749
2026-03-24T21:37:25Z,25f9e2a,main,spectral/rgb_to_u8,4.2954
2026-03-24T21:37:25Z,25f9e2a,main,spectral/cie_cmf_at,4.3764
2026-03-24T21:37:25Z,25f9e2a,main,spectral/cie_cmf_at_interp,6.5376
2026-03-24T21:37:25Z,25f9e2a,main,spectral/xyz_to_xyy,2.4815
2026-03-24T21:37:25Z,25f9e2a,main,spectral/xyz_to_srgb,56.838
2026-03-24T21:37:25Z,25f9e2a,main,spectral/xyz_to_linear_srgb,2.5960
2026-03-24T21:37:25Z,25f9e2a,main,spectral/linear_srgb_to_xyz,1.6731
2026-03-24T21:37:25Z,25f9e2a,main,spectral/srgb_gamma,13.716
2026-03-24T21:37:25Z,25f9e2a,main,spectral/srgb_gamma_inv,19.037
2026-03-24T21:37:25Z,25f9e2a,main,spectral/cct_from_xy,3.7279
2026-03-24T21:37:25Z,25f9e2a,main,spectral/spd_blackbody,814.21
2026-03-24T21:37:25Z,25f9e2a,main,spectral/spd_to_xyz,108.52
2026-03-24T21:37:25Z,25f9e2a,main,spectral/spd_to_srgb,137.02
2026-03-24T21:37:25Z,25f9e2a,main,spectral/cri,1010.6000
2026-03-24T21:37:25Z,25f9e2a,main,wave/interference,10.189
2026-03-24T21:37:25Z,25f9e2a,main,wave/single_slit,28.549
2026-03-24T21:37:25Z,25f9e2a,main,wave/double_slit,47.718
2026-03-24T21:37:25Z,25f9e2a,main,wave/malus_law,10.228
2026-03-24T21:37:25Z,25f9e2a,main,wave/thin_film,13.382
2026-03-24T21:37:25Z,25f9e2a,main,wave/path_to_phase,1.2855
2026-03-24T21:37:25Z,25f9e2a,main,wave/grating_maxima_3,35.371
2026-03-24T21:37:25Z,25f9e2a,main,wave/polarization_intensity,1.3208
2026-03-24T21:37:25Z,25f9e2a,main,wave/polarization_through,12.516
2026-03-24T21:37:25Z,25f9e2a,main,wave/is_constructive,2.9472
2026-03-24T21:37:25Z,25f9e2a,main,wave/is_destructive,3.6438
2026-03-24T21:37:25Z,25f9e2a,main,wave/coherence_length,1.4272
2026-03-24T21:37:25Z,25f9e2a,main,wave/coherence_time,2.6126
2026-03-24T21:37:25Z,25f9e2a,main,wave/bessel_j1,12.601
2026-03-24T21:37:25Z,25f9e2a,main,wave/bessel_j1_large,17.740
2026-03-24T21:37:25Z,25f9e2a,main,wave/airy_pattern,15.447
2026-03-24T21:37:25Z,25f9e2a,main,wave/fp_transmittance,19.266
2026-03-24T21:37:25Z,25f9e2a,main,wave/fp_finesse,3.4712
2026-03-24T21:37:25Z,25f9e2a,main,wave/fp_resolving_power,3.9353
2026-03-24T21:37:25Z,25f9e2a,main,wave/stokes_dop,3.6407
2026-03-24T21:37:25Z,25f9e2a,main,wave/mueller_apply,7.0147
2026-03-24T21:37:25Z,25f9e2a,main,wave/mueller_multiply,14.163
2026-03-24T21:37:25Z,25f9e2a,main,wave/mueller_polarizer,14.958
2026-03-24T21:37:25Z,25f9e2a,main,wave/mueller_retarder,13.171
2026-03-24T21:37:25Z,25f9e2a,main,wave/mueller_chain_3,10.663
2026-03-24T21:37:25Z,25f9e2a,main,wave/birefringent_retardation,1.1811
2026-03-24T21:37:25Z,25f9e2a,main,wave/fraunhofer_rect,40.155
2026-03-24T21:37:25Z,25f9e2a,main,wave/fresnel_c,16.768
2026-03-24T21:37:25Z,25f9e2a,main,wave/fresnel_s,16.753
2026-03-24T21:37:25Z,25f9e2a,main,wave/fresnel_edge,18.271
2026-03-24T21:37:25Z,25f9e2a,main,wave/huygens_fresnel_50,1214.3000
2026-03-24T21:37:25Z,25f9e2a,main,wave/coating_reflectance,15.830
2026-03-24T21:37:25Z,25f9e2a,main,wave/multilayer_2,36.764
2026-03-24T21:37:25Z,25f9e2a,main,lens/thin_lens,1.5746
2026-03-24T21:37:25Z,25f9e2a,main,lens/magnification,1.1795
2026-03-24T21:37:25Z,25f9e2a,main,lens/lensmaker,2.5993
2026-03-24T21:37:25Z,25f9e2a,main,lens/depth_of_field,3.6640
2026-03-24T21:37:25Z,25f9e2a,main,lens/optical_power,1.9307
2026-03-24T21:37:25Z,25f9e2a,main,lens/combined_focal,1.7894
2026-03-24T21:37:25Z,25f9e2a,main,lens/mirror_focal,0.5180
2026-03-24T21:37:25Z,25f9e2a,main,lens/thick_lens,3.6296
2026-03-24T21:37:25Z,25f9e2a,main,lens/cardinal_points,8.4826
2026-03-24T21:37:25Z,25f9e2a,main,lens/f_number,1.1628
2026-03-24T21:37:25Z,25f9e2a,main,lens/numerical_aperture,7.9870
2026-03-24T21:37:25Z,25f9e2a,main,lens/airy_disk_radius,0.7789
2026-03-24T21:37:25Z,25f9e2a,main,lens/field_of_view,7.8112
2026-03-24T21:37:25Z,25f9e2a,main,lens/mtf_diffraction,8.0168
2026-03-24T21:37:25Z,25f9e2a,main,lens/seidel_coefficients,10.725
2026-03-24T21:37:25Z,25f9e2a,main,lens/separated_lenses,3.5384
2026-03-24T21:37:25Z,25f9e2a,main,lens/aperture_from_f_number,1.1607
2026-03-24T21:37:25Z,25f9e2a,main,lens/na_from_f_number,1.1569
2026-03-24T21:37:25Z,25f9e2a,main,lens/diffraction_limit,1.1643
2026-03-24T21:37:25Z,25f9e2a,main,lens/field_of_view_diagonal,16.750
2026-03-24T21:37:25Z,25f9e2a,main,lens/mtf_cutoff_frequency,1.1652
2026-03-24T21:37:25Z,25f9e2a,main,lens/shape_factor,1.1723
2026-03-24T21:37:25Z,25f9e2a,main,lens/conjugate_factor,1.1770
2026-03-24T21:37:25Z,25f9e2a,main,lens/lsa,3.7587
2026-03-24T21:37:25Z,25f9e2a,main,lens/chromatic_aberration,1.1660
2026-03-24T21:37:25Z,25f9e2a,main,lens/petzval_sum,2.3414
2026-03-24T21:37:25Z,25f9e2a,main,lens/separated_lenses_bfd,4.6864
2026-03-24T21:37:25Z,25f9e2a,main,pbr/fresnel_schlick,1.2039
2026-03-24T21:37:25Z,25f9e2a,main,pbr/fresnel_schlick_rgb,2.2045
2026-03-24T21:37:25Z,25f9e2a,main,pbr/distribution_ggx,2.3343
2026-03-24T21:37:25Z,25f9e2a,main,pbr/distribution_beckmann,8.2554
2026-03-24T21:37:25Z,25f9e2a,main,pbr/geometry_schlick_ggx,1.5691
2026-03-24T21:37:25Z,25f9e2a,main,pbr/geometry_smith,2.6724
2026-03-24T21:37:25Z,25f9e2a,main,pbr/cook_torrance,7.6056
2026-03-24T21:37:25Z,25f9e2a,main,pbr/lambert_diffuse,0.5172
2026-03-24T21:37:25Z,25f9e2a,main,pbr/lambert_diffuse_rgb,1.4198
2026-03-24T21:37:25Z,25f9e2a,main,pbr/ior_to_f0,1.1820
2026-03-24T21:37:25Z,25f9e2a,main,pbr/ggx_aniso,3.7881
2026-03-24T21:37:25Z,25f9e2a,main,pbr/geometry_smith_aniso,6.1222
2026-03-24T21:37:25Z,25f9e2a,main,pbr/sheen_charlie,17.850
2026-03-24T21:37:25Z,25f9e2a,main,pbr/sheen_ashikhmin,1.1954
2026-03-24T21:37:25Z,25f9e2a,main,pbr/clearcoat_brdf,4.6914
2026-03-24T21:37:25Z,25f9e2a,main,pbr/clearcoat_blend,2.2961
2026-03-24T21:37:25Z,25f9e2a,main,pbr/sss_burley,11.747
2026-03-24T21:37:25Z,25f9e2a,main,pbr/sss_gaussian,8.3276
2026-03-24T21:37:25Z,25f9e2a,main,pbr/subsurface_diffuse,6.9350
2026-03-24T21:37:25Z,25f9e2a,main,pbr/iridescence_fresnel,30.156
2026-03-24T21:37:25Z,25f9e2a,main,pbr/iridescence_rgb,51.726
2026-03-24T21:37:25Z,25f9e2a,main,pbr/henyey_greenstein,3.8818
2026-03-24T21:37:25Z,25f9e2a,main,pbr/phase_rayleigh,1.1909
2026-03-24T21:37:25Z,25f9e2a,main,pbr/volume_transmittance,4.6654
2026-03-24T21:37:25Z,25f9e2a,main,pbr/inscattering,8.4667
2026-03-24T21:37:25Z,25f9e2a,main,pbr/sample_ggx,37.748
2026-03-24T21:37:25Z,25f9e2a,main,pbr/sample_ggx_pdf,3.9952
2026-03-24T21:37:25Z,25f9e2a,main,pbr/sample_cosine,13.813
2026-03-24T21:37:25Z,25f9e2a,main,pbr/split_sum,3.3034
2026-03-24T21:37:25Z,25f9e2a,main,pbr/integrate_brdf_64,1705.5000
2026-03-24T21:37:25Z,25f9e2a,main,atmosphere/rayleigh_cross_section,1.2359
2026-03-24T21:37:25Z,25f9e2a,main,atmosphere/rayleigh_scattering_coeff,1.2032
2026-03-24T21:37:25Z,25f9e2a,main,atmosphere/rayleigh_at_altitude,5.7965
2026-03-24T21:37:25Z,25f9e2a,main,atmosphere/rayleigh_phase,1.2278
2026-03-24T21:37:25Z,25f9e2a,main,atmosphere/mie_phase_cornette_shanks,3.7936
2026-03-24T21:37:25Z,25f9e2a,main,atmosphere/air_mass,22.580
2026-03-24T21:37:25Z,25f9e2a,main,atmosphere/air_mass_horizon,21.053
2026-03-24T21:37:25Z,25f9e2a,main,atmosphere/optical_depth_rayleigh,1.2244
2026-03-24T21:37:25Z,25f9e2a,main,atmosphere/atmospheric_transmittance,37.184
2026-03-24T21:37:25Z,25f9e2a,main,atmosphere/sky_color_rgb,75.247
2026-03-24T21:37:25Z,25f9e2a,main,atmosphere/sunlight_color,66.563
2026-03-24T21:37:25Z,25f9e2a,main,atmosphere/sunset_gradient,147.66
2026-03-24T21:37:25Z,25f9e2a,main,atmosphere/scattering_angle,54.600
2026-03-24T22:36:38Z,25f9e2a,main,ray/snell_air_glass,16.996
2026-03-24T22:36:38Z,25f9e2a,main,ray/snell_tir_check,18.930
2026-03-24T22:36:38Z,25f9e2a,main,ray/fresnel_normal,1.2398
2026-03-24T22:36:38Z,25f9e2a,main,ray/fresnel_s,2.1200
2026-03-24T22:36:38Z,25f9e2a,main,ray/fresnel_p,2.0943
2026-03-24T22:36:38Z,25f9e2a,main,ray/fresnel_unpolarized,22.742
2026-03-24T22:36:38Z,25f9e2a,main,ray/critical_angle,7.0415
2026-03-24T22:36:38Z,25f9e2a,main,ray/reflect_2d,2.7258
2026-03-24T22:36:38Z,25f9e2a,main,ray/reflect_3d,4.0952
2026-03-24T22:36:38Z,25f9e2a,main,ray/beer_lambert,7.7448
2026-03-24T22:36:38Z,25f9e2a,main,ray/brewster_angle,11.375
2026-03-24T22:36:38Z,25f9e2a,main,ray/refract_3d,11.865
2026-03-24T22:36:38Z,25f9e2a,main,ray/snell_3d,18.784
2026-03-24T22:36:38Z,25f9e2a,main,ray/sellmeier_n_at,8.4700
2026-03-24T22:36:38Z,25f9e2a,main,ray/cauchy_n_at,1.5679
2026-03-24T22:36:38Z,25f9e2a,main,ray/abbe_number,15.773
2026-03-24T22:36:38Z,25f9e2a,main,ray/prism_deviation,18.769
2026-03-24T22:36:38Z,25f9e2a,main,ray/trace_plane_surface,15.302
2026-03-24T22:36:38Z,25f9e2a,main,ray/trace_sphere_surface,34.222
2026-03-24T22:36:38Z,25f9e2a,main,ray/trace_sequential_2,148.62
2026-03-24T22:36:38Z,25f9e2a,main,ray/prism_dispersion,23.600
2026-03-24T22:36:38Z,25f9e2a,main,ray/prism_angular_spread,43.388
2026-03-24T22:36:38Z,25f9e2a,main,ray/trace_recursive_2,1804.3000
2026-03-24T22:36:38Z,25f9e2a,main,ray/ray_fan_meridional_21,112.48
2026-03-24T22:36:38Z,25f9e2a,main,ray/ray_bundle_3x8,560.98
2026-03-24T22:36:38Z,25f9e2a,main,ray/spot_diagram_2x6,2517.4000
2026-03-24T22:36:38Z,25f9e2a,main,ray/optical_path_length,168.82
2026-03-24T22:36:38Z,25f9e2a,main,ray/paraxial_trace_2,20.080
2026-03-24T22:36:38Z,25f9e2a,main,ray/find_system_properties,217.16
2026-03-24T22:36:38Z,25f9e2a,main,spectral/wavelength_to_rgb,4.6890
2026-03-24T22:36:38Z,25f9e2a,main,spectral/wavelength_to_rgb_edge,4.0713
2026-03-24T22:36:38Z,25f9e2a,main,spectral/planck_radiance,10.805
2026-03-24T22:36:38Z,25f9e2a,main,spectral/wien_peak,1.3959
2026-03-24T22:36:38Z,25f9e2a,main,spectral/color_temp_to_rgb,20.130
2026-03-24T22:36:38Z,25f9e2a,main,spectral/color_temp_warm,17.767
2026-03-24T22:36:38Z,25f9e2a,main,spectral/photon_energy_ev,2.3872
2026-03-24T22:36:38Z,25f9e2a,main,spectral/wavelength_to_frequency,1.1883
2026-03-24T22:36:38Z,25f9e2a,main,spectral/frequency_to_wavelength,1.2549
2026-03-24T22:36:38Z,25f9e2a,main,spectral/photon_energy,1.2299
2026-03-24T22:36:38Z,25f9e2a,main,spectral/rgb_luminance,1.5752
2026-03-24T22:36:38Z,25f9e2a,main,spectral/rgb_to_u8,4.0175
2026-03-24T22:36:38Z,25f9e2a,main,spectral/cie_cmf_at,4.6375
2026-03-24T22:36:38Z,25f9e2a,main,spectral/cie_cmf_at_interp,5.0546
2026-03-24T22:36:38Z,25f9e2a,main,spectral/xyz_to_xyy,2.9102
2026-03-24T22:36:38Z,25f9e2a,main,spectral/xyz_to_srgb,61.974
2026-03-24T22:36:38Z,25f9e2a,main,spectral/xyz_to_linear_srgb,2.4397
2026-03-24T22:36:38Z,25f9e2a,main,spectral/linear_srgb_to_xyz,1.8450
2026-03-24T22:36:38Z,25f9e2a,main,spectral/srgb_gamma,13.975
2026-03-24T22:36:38Z,25f9e2a,main,spectral/srgb_gamma_inv,16.538
2026-03-24T22:36:38Z,25f9e2a,main,spectral/cct_from_xy,2.4954
2026-03-24T22:36:38Z,25f9e2a,main,spectral/spd_blackbody,778.69
2026-03-24T22:36:38Z,25f9e2a,main,spectral/spd_to_xyz,77.343
2026-03-24T22:36:38Z,25f9e2a,main,spectral/spd_to_srgb,133.20
2026-03-24T22:36:38Z,25f9e2a,main,spectral/cri,956.61
2026-03-24T22:36:38Z,25f9e2a,main,wave/interference,8.1492
2026-03-24T22:36:38Z,25f9e2a,main,wave/single_slit,18.838
2026-03-24T22:36:38Z,25f9e2a,main,wave/double_slit,31.595
2026-03-24T22:36:38Z,25f9e2a,main,wave/malus_law,8.2242
2026-03-24T22:36:38Z,25f9e2a,main,wave/thin_film,12.389
2026-03-24T22:36:38Z,25f9e2a,main,wave/path_to_phase,1.2355
2026-03-24T22:36:38Z,25f9e2a,main,wave/grating_maxima_3,33.039
2026-03-24T22:36:38Z,25f9e2a,main,wave/polarization_intensity,1.3183
2026-03-24T22:36:38Z,25f9e2a,main,wave/polarization_through,30.284
2026-03-24T22:36:38Z,25f9e2a,main,wave/is_constructive,3.0604
2026-03-24T22:36:38Z,25f9e2a,main,wave/is_destructive,3.2497
2026-03-24T22:36:38Z,25f9e2a,main,wave/coherence_length,1.2449
2026-03-24T22:36:38Z,25f9e2a,main,wave/coherence_time,2.3827
2026-03-24T22:36:38Z,25f9e2a,main,wave/bessel_j1,12.292
2026-03-24T22:36:38Z,25f9e2a,main,wave/bessel_j1_large,16.064
2026-03-24T22:36:38Z,25f9e2a,main,wave/airy_pattern,13.818
2026-03-24T22:36:38Z,25f9e2a,main,wave/fp_transmittance,18.950
2026-03-24T22:36:38Z,25f9e2a,main,wave/fp_finesse,3.5227
2026-03-24T22:36:38Z,25f9e2a,main,wave/fp_resolving_power,4.2259
2026-03-24T22:36:38Z,25f9e2a,main,wave/stokes_dop,3.6428
2026-03-24T22:36:38Z,25f9e2a,main,wave/mueller_apply,6.7936
2026-03-24T22:36:38Z,25f9e2a,main,wave/mueller_multiply,13.808
2026-03-24T22:36:38Z,25f9e2a,main,wave/mueller_polarizer,14.454
2026-03-24T22:36:38Z,25f9e2a,main,wave/mueller_retarder,13.206
2026-03-24T22:36:38Z,25f9e2a,main,wave/mueller_chain_3,10.553
2026-03-24T22:36:38Z,25f9e2a,main,wave/birefringent_retardation,1.2069
2026-03-24T22:36:38Z,25f9e2a,main,wave/fraunhofer_rect,40.557
2026-03-24T22:36:38Z,25f9e2a,main,wave/fresnel_c,17.088
2026-03-24T22:36:38Z,25f9e2a,main,wave/fresnel_s,19.135
2026-03-24T22:36:38Z,25f9e2a,main,wave/fresnel_edge,20.522
2026-03-24T22:36:38Z,25f9e2a,main,wave/huygens_fresnel_50,1310.4000
2026-03-24T22:36:38Z,25f9e2a,main,wave/coating_reflectance,19.026
2026-03-24T22:36:38Z,25f9e2a,main,wave/multilayer_2,43.509
2026-03-24T22:36:38Z,25f9e2a,main,lens/thin_lens,1.8231
2026-03-24T22:36:38Z,25f9e2a,main,lens/magnification,1.4451
2026-03-24T22:36:38Z,25f9e2a,main,lens/lensmaker,3.2480
2026-03-24T22:36:38Z,25f9e2a,main,lens/depth_of_field,4.3118
2026-03-24T22:36:38Z,25f9e2a,main,lens/optical_power,2.0837
2026-03-24T22:36:38Z,25f9e2a,main,lens/combined_focal,2.0486
2026-03-24T22:36:38Z,25f9e2a,main,lens/mirror_focal,0.6456
2026-03-24T22:36:38Z,25f9e2a,main,lens/thick_lens,4.3723
2026-03-24T22:36:38Z,25f9e2a,main,lens/cardinal_points,9.2028
2026-03-24T22:36:38Z,25f9e2a,main,lens/f_number,1.2443
2026-03-24T22:36:38Z,25f9e2a,main,lens/numerical_aperture,8.4760
2026-03-24T22:36:38Z,25f9e2a,main,lens/airy_disk_radius,0.8154
2026-03-24T22:36:38Z,25f9e2a,main,lens/field_of_view,8.2985
2026-03-24T22:36:38Z,25f9e2a,main,lens/mtf_diffraction,8.4302
2026-03-24T22:36:38Z,25f9e2a,main,lens/seidel_coefficients,11.991
2026-03-24T22:36:38Z,25f9e2a,main,lens/separated_lenses,3.9209
2026-03-24T22:36:38Z,25f9e2a,main,lens/aperture_from_f_number,1.2070
2026-03-24T22:36:38Z,25f9e2a,main,lens/na_from_f_number,1.1659
2026-03-24T22:36:38Z,25f9e2a,main,lens/diffraction_limit,1.1781
2026-03-24T22:36:38Z,25f9e2a,main,lens/field_of_view_diagonal,15.400
2026-03-24T22:36:38Z,25f9e2a,main,lens/mtf_cutoff_frequency,1.1669
2026-03-24T22:36:38Z,25f9e2a,main,lens/shape_factor,1.1775
2026-03-24T22:36:38Z,25f9e2a,main,lens/conjugate_factor,1.1814
2026-03-24T22:36:38Z,25f9e2a,main,lens/lsa,4.3529
2026-03-24T22:36:38Z,25f9e2a,main,lens/chromatic_aberration,1.1713
2026-03-24T22:36:38Z,25f9e2a,main,lens/petzval_sum,2.3405
2026-03-24T22:36:38Z,25f9e2a,main,lens/separated_lenses_bfd,4.7314
2026-03-24T22:36:38Z,25f9e2a,main,pbr/fresnel_schlick,1.5708
2026-03-24T22:36:38Z,25f9e2a,main,pbr/fresnel_schlick_rgb,2.3294
2026-03-24T22:36:38Z,25f9e2a,main,pbr/distribution_ggx,2.2657
2026-03-24T22:36:38Z,25f9e2a,main,pbr/distribution_beckmann,9.0567
2026-03-24T22:36:38Z,25f9e2a,main,pbr/geometry_schlick_ggx,1.6317
2026-03-24T22:36:38Z,25f9e2a,main,pbr/geometry_smith,3.5260
2026-03-24T22:36:38Z,25f9e2a,main,pbr/cook_torrance,8.0932
2026-03-24T22:36:38Z,25f9e2a,main,pbr/lambert_diffuse,0.7325
2026-03-24T22:36:38Z,25f9e2a,main,pbr/lambert_diffuse_rgb,1.5583
2026-03-24T22:36:38Z,25f9e2a,main,pbr/ior_to_f0,1.3460
2026-03-24T22:36:38Z,25f9e2a,main,pbr/ggx_aniso,4.3550
2026-03-24T22:36:38Z,25f9e2a,main,pbr/geometry_smith_aniso,8.3382
2026-03-24T22:36:38Z,25f9e2a,main,pbr/sheen_charlie,27.181
2026-03-24T22:36:38Z,25f9e2a,main,pbr/sheen_ashikhmin,1.4319
2026-03-24T22:36:38Z,25f9e2a,main,pbr/clearcoat_brdf,7.8417
2026-03-24T22:36:38Z,25f9e2a,main,pbr/clearcoat_blend,4.6387
2026-03-24T22:36:38Z,25f9e2a,main,pbr/sss_burley,22.931
2026-03-24T22:36:38Z,25f9e2a,main,pbr/sss_gaussian,11.733
2026-03-24T22:36:38Z,25f9e2a,main,pbr/subsurface_diffuse,7.6077
2026-03-24T22:36:38Z,25f9e2a,main,pbr/iridescence_fresnel,48.997
2026-03-24T22:36:38Z,25f9e2a,main,pbr/iridescence_rgb,81.767
2026-03-24T22:36:38Z,25f9e2a,main,pbr/henyey_greenstein,4.7793
2026-03-24T22:36:38Z,25f9e2a,main,pbr/phase_rayleigh,2.0907
2026-03-24T22:36:38Z,25f9e2a,main,pbr/volume_transmittance,8.5746
2026-03-24T22:36:38Z,25f9e2a,main,pbr/inscattering,15.654
2026-03-24T22:36:38Z,25f9e2a,main,pbr/sample_ggx,57.478
2026-03-24T22:36:38Z,25f9e2a,main,pbr/sample_ggx_pdf,6.9004
2026-03-24T22:36:38Z,25f9e2a,main,pbr/sample_cosine,33.521
2026-03-24T22:36:38Z,25f9e2a,main,pbr/split_sum,5.1765
2026-03-24T22:36:38Z,25f9e2a,main,pbr/integrate_brdf_64,3780.4000
2026-03-24T22:36:38Z,25f9e2a,main,atmosphere/rayleigh_cross_section,2.3538
2026-03-24T22:36:38Z,25f9e2a,main,atmosphere/rayleigh_scattering_coeff,1.9521
2026-03-24T22:36:38Z,25f9e2a,main,atmosphere/rayleigh_at_altitude,19.112
2026-03-24T22:36:38Z,25f9e2a,main,atmosphere/rayleigh_phase,2.4316
2026-03-24T22:36:38Z,25f9e2a,main,atmosphere/mie_phase_cornette_shanks,8.4337
2026-03-24T22:36:38Z,25f9e2a,main,atmosphere/air_mass,71.009
2026-03-24T22:36:38Z,25f9e2a,main,atmosphere/air_mass_horizon,38.093
2026-03-24T22:36:38Z,25f9e2a,main,atmosphere/optical_depth_rayleigh,2.1334
2026-03-24T22:36:38Z,25f9e2a,main,atmosphere/atmospheric_transmittance,61.200
2026-03-24T22:36:38Z,25f9e2a,main,atmosphere/sky_color_rgb,91.500
2026-03-24T22:36:38Z,25f9e2a,main,atmosphere/sunlight_color,81.681
2026-03-24T22:36:38Z,25f9e2a,main,atmosphere/sunset_gradient,158.29
2026-03-24T22:36:38Z,25f9e2a,main,atmosphere/scattering_angle,76.514
2026-03-24T23:01:54Z,ef3cd4f,main,ray/snell_air_glass,28.347
2026-03-24T23:01:54Z,ef3cd4f,main,ray/snell_tir_check,30.662
2026-03-24T23:01:54Z,ef3cd4f,main,ray/fresnel_normal,2.5399
2026-03-24T23:01:54Z,ef3cd4f,main,ray/fresnel_s,4.2484
2026-03-24T23:01:54Z,ef3cd4f,main,ray/fresnel_p,4.3575
2026-03-24T23:01:54Z,ef3cd4f,main,ray/fresnel_unpolarized,39.153
2026-03-24T23:01:54Z,ef3cd4f,main,ray/critical_angle,16.090
2026-03-24T23:01:54Z,ef3cd4f,main,ray/reflect_2d,4.6392
2026-03-24T23:01:54Z,ef3cd4f,main,ray/reflect_3d,4.9875
2026-03-24T23:01:54Z,ef3cd4f,main,ray/beer_lambert,10.400
2026-03-24T23:01:54Z,ef3cd4f,main,ray/brewster_angle,20.371
2026-03-24T23:01:54Z,ef3cd4f,main,ray/refract_3d,16.095
2026-03-24T23:01:54Z,ef3cd4f,main,ray/snell_3d,21.981
2026-03-24T23:01:54Z,ef3cd4f,main,ray/sellmeier_n_at,9.3804
2026-03-24T23:01:54Z,ef3cd4f,main,ray/cauchy_n_at,2.1780
2026-03-24T23:01:54Z,ef3cd4f,main,ray/abbe_number,22.029
2026-03-24T23:01:54Z,ef3cd4f,main,ray/prism_deviation,35.588
2026-03-24T23:01:54Z,ef3cd4f,main,ray/trace_plane_surface,27.718
2026-03-24T23:01:54Z,ef3cd4f,main,ray/trace_sphere_surface,55.704
2026-03-24T23:01:54Z,ef3cd4f,main,ray/trace_sequential_2,178.93
2026-03-24T23:01:54Z,ef3cd4f,main,ray/prism_dispersion,42.144
2026-03-24T23:01:54Z,ef3cd4f,main,ray/prism_angular_spread,70.488
2026-03-24T23:01:54Z,ef3cd4f,main,ray/trace_recursive_2,2982.9000
2026-03-24T23:01:54Z,ef3cd4f,main,ray/ray_fan_meridional_21,221.13
2026-03-24T23:01:54Z,ef3cd4f,main,ray/ray_bundle_3x8,695.97
2026-03-24T23:01:54Z,ef3cd4f,main,ray/spot_diagram_2x6,3107.8000
2026-03-24T23:01:54Z,ef3cd4f,main,ray/optical_path_length,204.91
2026-03-24T23:01:54Z,ef3cd4f,main,ray/paraxial_trace_2,29.798
2026-03-24T23:01:54Z,ef3cd4f,main,ray/find_system_properties,290.87
2026-03-24T23:01:54Z,ef3cd4f,main,spectral/wavelength_to_rgb,9.1071
2026-03-24T23:01:54Z,ef3cd4f,main,spectral/wavelength_to_rgb_edge,8.0781
2026-03-24T23:01:54Z,ef3cd4f,main,spectral/planck_radiance,13.096
2026-03-24T23:01:54Z,ef3cd4f,main,spectral/wien_peak,1.5479
2026-03-24T23:01:54Z,ef3cd4f,main,spectral/color_temp_to_rgb,29.476
2026-03-24T23:01:54Z,ef3cd4f,main,spectral/color_temp_warm,29.950
2026-03-24T23:01:54Z,ef3cd4f,main,spectral/photon_energy_ev,2.8492
2026-03-24T23:01:54Z,ef3cd4f,main,spectral/wavelength_to_frequency,1.6400
2026-03-24T23:01:54Z,ef3cd4f,main,spectral/frequency_to_wavelength,1.6021
2026-03-24T23:01:54Z,ef3cd4f,main,spectral/photon_energy,1.2711
2026-03-24T23:01:54Z,ef3cd4f,main,spectral/rgb_luminance,1.3766
2026-03-24T23:01:54Z,ef3cd4f,main,spectral/rgb_to_u8,6.1464
2026-03-24T23:01:54Z,ef3cd4f,main,spectral/cie_cmf_at,7.0456
2026-03-24T23:01:54Z,ef3cd4f,main,spectral/cie_cmf_at_interp,7.2888
2026-03-24T23:01:54Z,ef3cd4f,main,spectral/xyz_to_xyy,4.7278
2026-03-24T23:01:54Z,ef3cd4f,main,spectral/xyz_to_srgb,81.395
2026-03-24T23:01:54Z,ef3cd4f,main,spectral/xyz_to_linear_srgb,3.8954
2026-03-24T23:01:54Z,ef3cd4f,main,spectral/linear_srgb_to_xyz,2.8977
2026-03-24T23:01:54Z,ef3cd4f,main,spectral/srgb_gamma,20.787
2026-03-24T23:01:54Z,ef3cd4f,main,spectral/srgb_gamma_inv,22.871
2026-03-24T23:01:54Z,ef3cd4f,main,spectral/cct_from_xy,3.8691
2026-03-24T23:01:54Z,ef3cd4f,main,spectral/spd_blackbody,1134.6000
2026-03-24T23:01:54Z,ef3cd4f,main,spectral/spd_to_xyz,130.90
2026-03-24T23:01:54Z,ef3cd4f,main,spectral/spd_to_srgb,135.88
2026-03-24T23:01:54Z,ef3cd4f,main,spectral/cri,1623.8000
2026-03-24T23:01:54Z,ef3cd4f,main,wave/interference,9.7337
2026-03-24T23:01:54Z,ef3cd4f,main,wave/single_slit,19.335
2026-03-24T23:01:54Z,ef3cd4f,main,wave/double_slit,31.603
2026-03-24T23:01:54Z,ef3cd4f,main,wave/malus_law,8.4043
2026-03-24T23:01:54Z,ef3cd4f,main,wave/thin_film,12.433
2026-03-24T23:01:54Z,ef3cd4f,main,wave/path_to_phase,1.1850
2026-03-24T23:01:54Z,ef3cd4f,main,wave/grating_maxima_3,32.543
2026-03-24T23:01:54Z,ef3cd4f,main,wave/polarization_intensity,1.4296
2026-03-24T23:01:54Z,ef3cd4f,main,wave/polarization_through,14.078
2026-03-24T23:01:54Z,ef3cd4f,main,wave/is_constructive,3.2230
2026-03-24T23:01:54Z,ef3cd4f,main,wave/is_destructive,3.3355
2026-03-24T23:01:54Z,ef3cd4f,main,wave/coherence_length,1.3248
2026-03-24T23:01:54Z,ef3cd4f,main,wave/coherence_time,2.4265
2026-03-24T23:01:54Z,ef3cd4f,main,wave/bessel_j1,12.722
2026-03-24T23:01:54Z,ef3cd4f,main,wave/bessel_j1_large,16.295
2026-03-24T23:01:54Z,ef3cd4f,main,wave/airy_pattern,15.282
2026-03-24T23:01:54Z,ef3cd4f,main,wave/fp_transmittance,20.643
2026-03-24T23:01:54Z,ef3cd4f,main,wave/fp_finesse,3.5802
2026-03-24T23:01:54Z,ef3cd4f,main,wave/fp_resolving_power,6.4082
2026-03-24T23:01:54Z,ef3cd4f,main,wave/stokes_dop,4.8037
2026-03-24T23:01:54Z,ef3cd4f,main,wave/mueller_apply,8.4277
2026-03-24T23:01:54Z,ef3cd4f,main,wave/mueller_multiply,17.981
2026-03-24T23:01:54Z,ef3cd4f,main,wave/mueller_polarizer,21.259
2026-03-24T23:01:54Z,ef3cd4f,main,wave/mueller_retarder,18.272
2026-03-24T23:01:54Z,ef3cd4f,main,wave/mueller_chain_3,13.498
2026-03-24T23:01:54Z,ef3cd4f,main,wave/birefringent_retardation,1.5612
2026-03-24T23:01:54Z,ef3cd4f,main,wave/fraunhofer_rect,47.015
2026-03-24T23:01:54Z,ef3cd4f,main,wave/fresnel_c,17.912
2026-03-24T23:01:54Z,ef3cd4f,main,wave/fresnel_s,18.104
2026-03-24T23:01:54Z,ef3cd4f,main,wave/fresnel_edge,19.355
2026-03-24T23:01:54Z,ef3cd4f,main,wave/huygens_fresnel_50,1403.2000
2026-03-24T23:01:54Z,ef3cd4f,main,wave/coating_reflectance,16.824
2026-03-24T23:01:54Z,ef3cd4f,main,wave/multilayer_2,39.162
2026-03-24T23:01:54Z,ef3cd4f,main,wave/diffraction_2d_16,5978.7000
2026-03-24T23:01:54Z,ef3cd4f,main,wave/diffraction_circular_32,32895.0000
2026-03-24T23:01:54Z,ef3cd4f,main,wave/interference_2src_16x16,12929.0000
2026-03-24T23:01:54Z,ef3cd4f,main,wave/spectrum_strip_100,943.55
2026-03-24T23:01:54Z,ef3cd4f,main,wave/psf_32,29239.0000
2026-03-24T23:01:54Z,ef3cd4f,main,lens/thin_lens,2.3608
2026-03-24T23:01:54Z,ef3cd4f,main,lens/magnification,1.4062
2026-03-24T23:01:54Z,ef3cd4f,main,lens/lensmaker,4.3148
2026-03-24T23:01:54Z,ef3cd4f,main,lens/depth_of_field,4.9737
2026-03-24T23:01:54Z,ef3cd4f,main,lens/optical_power,2.1580
2026-03-24T23:01:54Z,ef3cd4f,main,lens/combined_focal,2.0395
2026-03-24T23:01:54Z,ef3cd4f,main,lens/mirror_focal,0.5355
2026-03-24T23:01:54Z,ef3cd4f,main,lens/thick_lens,4.0878
2026-03-24T23:01:54Z,ef3cd4f,main,lens/cardinal_points,9.5761
2026-03-24T23:01:54Z,ef3cd4f,main,lens/f_number,1.2836
2026-03-24T23:01:54Z,ef3cd4f,main,lens/numerical_aperture,8.2542
2026-03-24T23:01:54Z,ef3cd4f,main,lens/airy_disk_radius,0.9000
2026-03-24T23:01:54Z,ef3cd4f,main,lens/field_of_view,8.1843
2026-03-24T23:01:54Z,ef3cd4f,main,lens/mtf_diffraction,9.0378
2026-03-24T23:01:54Z,ef3cd4f,main,lens/seidel_coefficients,11.949
2026-03-24T23:01:54Z,ef3cd4f,main,lens/separated_lenses,3.9822
2026-03-24T23:01:54Z,ef3cd4f,main,lens/aperture_from_f_number,1.1833
2026-03-24T23:01:54Z,ef3cd4f,main,lens/na_from_f_number,1.1784
2026-03-24T23:01:54Z,ef3cd4f,main,lens/diffraction_limit,1.1910
2026-03-24T23:01:54Z,ef3cd4f,main,lens/field_of_view_diagonal,16.082
2026-03-24T23:01:54Z,ef3cd4f,main,lens/mtf_cutoff_frequency,1.2008
2026-03-24T23:01:54Z,ef3cd4f,main,lens/shape_factor,1.2136
2026-03-24T23:01:54Z,ef3cd4f,main,lens/conjugate_factor,1.4424
2026-03-24T23:01:54Z,ef3cd4f,main,lens/lsa,4.1686
2026-03-24T23:01:54Z,ef3cd4f,main,lens/chromatic_aberration,1.2047
2026-03-24T23:01:54Z,ef3cd4f,main,lens/petzval_sum,2.3935
2026-03-24T23:01:54Z,ef3cd4f,main,lens/separated_lenses_bfd,4.7565
2026-03-24T23:01:54Z,ef3cd4f,main,pbr/fresnel_schlick,1.2520
2026-03-24T23:01:54Z,ef3cd4f,main,pbr/fresnel_schlick_rgb,2.2151
2026-03-24T23:01:54Z,ef3cd4f,main,pbr/distribution_ggx,2.2990
2026-03-24T23:01:54Z,ef3cd4f,main,pbr/distribution_beckmann,8.3361
2026-03-24T23:01:54Z,ef3cd4f,main,pbr/geometry_schlick_ggx,1.6773
2026-03-24T23:01:54Z,ef3cd4f,main,pbr/geometry_smith,2.6405
2026-03-24T23:01:54Z,ef3cd4f,main,pbr/cook_torrance,7.7692
2026-03-24T23:01:54Z,ef3cd4f,main,pbr/lambert_diffuse,0.5452
2026-03-24T23:01:54Z,ef3cd4f,main,pbr/lambert_diffuse_rgb,1.4693
2026-03-24T23:01:54Z,ef3cd4f,main,pbr/ior_to_f0,1.1988
2026-03-24T23:01:54Z,ef3cd4f,main,pbr/ggx_aniso,3.7294
2026-03-24T23:01:54Z,ef3cd4f,main,pbr/geometry_smith_aniso,13.656
2026-03-24T23:01:54Z,ef3cd4f,main,pbr/sheen_charlie,30.998
2026-03-24T23:01:54Z,ef3cd4f,main,pbr/sheen_ashikhmin,2.4061
2026-03-24T23:01:54Z,ef3cd4f,main,pbr/clearcoat_brdf,10.349
2026-03-24T23:01:54Z,ef3cd4f,main,pbr/clearcoat_blend,4.8035
2026-03-24T23:01:54Z,ef3cd4f,main,pbr/sss_burley,21.386
2026-03-24T23:01:54Z,ef3cd4f,main,pbr/sss_gaussian,12.279
2026-03-24T23:01:54Z,ef3cd4f,main,pbr/subsurface_diffuse,7.3973
2026-03-24T23:01:54Z,ef3cd4f,main,pbr/iridescence_fresnel,38.617
2026-03-24T23:01:54Z,ef3cd4f,main,pbr/iridescence_rgb,69.036
2026-03-24T23:01:54Z,ef3cd4f,main,pbr/henyey_greenstein,4.1254
2026-03-24T23:01:54Z,ef3cd4f,main,pbr/phase_rayleigh,1.7448
2026-03-24T23:01:54Z,ef3cd4f,main,pbr/volume_transmittance,8.2148
2026-03-24T23:01:54Z,ef3cd4f,main,pbr/inscattering,14.549
2026-03-24T23:01:54Z,ef3cd4f,main,pbr/sample_ggx,32.488
2026-03-24T23:01:54Z,ef3cd4f,main,pbr/sample_ggx_pdf,6.3748
2026-03-24T23:01:54Z,ef3cd4f,main,pbr/sample_cosine,21.899
2026-03-24T23:01:54Z,ef3cd4f,main,pbr/split_sum,4.7375
2026-03-24T23:01:54Z,ef3cd4f,main,pbr/integrate_brdf_64,2336.4000
2026-03-24T23:01:54Z,ef3cd4f,main,atmosphere/rayleigh_cross_section,1.3456
2026-03-24T23:01:54Z,ef3cd4f,main,atmosphere/rayleigh_scattering_coeff,1.3773
2026-03-24T23:01:54Z,ef3cd4f,main,atmosphere/rayleigh_at_altitude,6.9808
2026-03-24T23:01:54Z,ef3cd4f,main,atmosphere/rayleigh_phase,1.2954
2026-03-24T23:01:54Z,ef3cd4f,main,atmosphere/mie_phase_cornette_shanks,4.0626
2026-03-24T23:01:54Z,ef3cd4f,main,atmosphere/air_mass,26.166
2026-03-24T23:01:54Z,ef3cd4f,main,atmosphere/air_mass_horizon,28.181
2026-03-24T23:01:54Z,ef3cd4f,main,atmosphere/optical_depth_rayleigh,1.4391
2026-03-24T23:01:54Z,ef3cd4f,main,atmosphere/atmospheric_transmittance,36.034
2026-03-24T23:01:54Z,ef3cd4f,main,atmosphere/sky_color_rgb,75.946
2026-03-24T23:01:54Z,ef3cd4f,main,atmosphere/sunlight_color,52.037
2026-03-24T23:01:54Z,ef3cd4f,main,atmosphere/sunset_gradient,124.53
2026-03-24T23:01:54Z,ef3cd4f,main,atmosphere/scattering_angle,52.973
2026-03-25T01:33:29Z,77306f7,main,ray/snell_air_glass,15.793
2026-03-25T01:33:29Z,77306f7,main,ray/snell_tir_check,29.187
2026-03-25T01:33:29Z,77306f7,main,ray/fresnel_normal,1.7592
2026-03-25T01:33:29Z,77306f7,main,ray/fresnel_s,2.9575
2026-03-25T01:33:29Z,77306f7,main,ray/fresnel_p,2.2683
2026-03-25T01:33:29Z,77306f7,main,ray/fresnel_unpolarized,22.495
2026-03-25T01:33:29Z,77306f7,main,ray/critical_angle,6.9855
2026-03-25T01:33:29Z,77306f7,main,ray/reflect_2d,1.8691
2026-03-25T01:33:29Z,77306f7,main,ray/reflect_3d,2.6299
2026-03-25T01:33:29Z,77306f7,main,ray/beer_lambert,4.9543
2026-03-25T01:33:29Z,77306f7,main,ray/brewster_angle,8.8094
2026-03-25T01:33:29Z,77306f7,main,ray/refract_3d,7.4269
2026-03-25T01:33:29Z,77306f7,main,ray/snell_3d,19.712
2026-03-25T01:33:29Z,77306f7,main,ray/sellmeier_n_at,6.3184
2026-03-25T01:33:29Z,77306f7,main,ray/cauchy_n_at,1.6522
2026-03-25T01:33:29Z,77306f7,main,ray/abbe_number,17.006
2026-03-25T01:33:29Z,77306f7,main,ray/prism_deviation,23.143
2026-03-25T01:33:29Z,77306f7,main,ray/trace_plane_surface,16.082
2026-03-25T01:33:29Z,77306f7,main,ray/trace_sphere_surface,35.786
2026-03-25T01:33:29Z,77306f7,main,ray/trace_sequential_2,149.24
2026-03-25T01:33:29Z,77306f7,main,ray/prism_dispersion,23.983
2026-03-25T01:33:29Z,77306f7,main,ray/prism_angular_spread,44.144
2026-03-25T01:33:29Z,77306f7,main,ray/trace_recursive_2,1881.3000
2026-03-25T01:33:29Z,77306f7,main,ray/ray_fan_meridional_21,123.39
2026-03-25T01:33:29Z,77306f7,main,ray/ray_bundle_3x8,437.21
2026-03-25T01:33:29Z,77306f7,main,ray/spot_diagram_2x6,2430.0000
2026-03-25T01:33:29Z,77306f7,main,ray/optical_path_length,164.33
2026-03-25T01:33:29Z,77306f7,main,ray/paraxial_trace_2,15.606
2026-03-25T01:33:29Z,77306f7,main,ray/find_system_properties,151.78
2026-03-25T01:33:29Z,77306f7,main,spectral/wavelength_to_rgb,5.7703
2026-03-25T01:33:29Z,77306f7,main,spectral/wavelength_to_rgb_edge,4.4377
2026-03-25T01:33:29Z,77306f7,main,spectral/planck_radiance,11.894
2026-03-25T01:33:29Z,77306f7,main,spectral/wien_peak,1.6764
2026-03-25T01:33:29Z,77306f7,main,spectral/color_temp_to_rgb,26.133
2026-03-25T01:33:29Z,77306f7,main,spectral/color_temp_warm,23.620
2026-03-25T01:33:29Z,77306f7,main,spectral/photon_energy_ev,2.9184
2026-03-25T01:33:29Z,77306f7,main,spectral/wavelength_to_frequency,1.6673
2026-03-25T01:33:29Z,77306f7,main,spectral/frequency_to_wavelength,1.7274
2026-03-25T01:33:29Z,77306f7,main,spectral/photon_energy,1.7548
2026-03-25T01:33:29Z,77306f7,main,spectral/rgb_luminance,1.8080
2026-03-25T01:33:29Z,77306f7,main,spectral/rgb_to_u8,4.4180
2026-03-25T01:33:29Z,77306f7,main,spectral/cie_cmf_at,4.0624
2026-03-25T01:33:29Z,77306f7,main,spectral/cie_cmf_at_interp,4.1125
2026-03-25T01:33:29Z,77306f7,main,spectral/xyz_to_xyy,2.3275
2026-03-25T01:33:29Z,77306f7,main,spectral/xyz_to_srgb,58.315
2026-03-25T01:33:29Z,77306f7,main,spectral/xyz_to_linear_srgb,2.3680
2026-03-25T01:33:29Z,77306f7,main,spectral/linear_srgb_to_xyz,1.7469
2026-03-25T01:33:29Z,77306f7,main,spectral/srgb_gamma,13.056
2026-03-25T01:33:29Z,77306f7,main,spectral/srgb_gamma_inv,14.702
2026-03-25T01:33:29Z,77306f7,main,spectral/cct_from_xy,2.1996
2026-03-25T01:33:29Z,77306f7,main,spectral/spd_blackbody,651.86
2026-03-25T01:33:29Z,77306f7,main,spectral/spd_to_xyz,72.113
2026-03-25T01:33:29Z,77306f7,main,spectral/spd_to_srgb,127.53
2026-03-25T01:33:29Z,77306f7,main,spectral/cri,968.63
2026-03-25T01:33:29Z,77306f7,main,wave/interference,8.5582
2026-03-25T01:33:29Z,77306f7,main,wave/single_slit,18.482
2026-03-25T01:33:29Z,77306f7,main,wave/double_slit,30.244
2026-03-25T01:33:29Z,77306f7,main,wave/malus_law,8.3376
2026-03-25T01:33:29Z,77306f7,main,wave/thin_film,13.261
2026-03-25T01:33:29Z,77306f7,main,wave/path_to_phase,1.2402
2026-03-25T01:33:29Z,77306f7,main,wave/grating_maxima_3,32.460
2026-03-25T01:33:29Z,77306f7,main,wave/polarization_intensity,1.2853
2026-03-25T01:33:29Z,77306f7,main,wave/polarization_through,14.314
2026-03-25T01:33:29Z,77306f7,main,wave/is_constructive,3.1273
2026-03-25T01:33:29Z,77306f7,main,wave/is_destructive,3.2169
2026-03-25T01:33:29Z,77306f7,main,wave/coherence_length,1.3151
2026-03-25T01:33:29Z,77306f7,main,wave/coherence_time,2.5441
2026-03-25T01:33:29Z,77306f7,main,wave/bessel_j1,12.294
2026-03-25T01:33:29Z,77306f7,main,wave/bessel_j1_large,16.709
2026-03-25T01:33:29Z,77306f7,main,wave/airy_pattern,15.510
2026-03-25T01:33:29Z,77306f7,main,wave/fp_transmittance,19.284
2026-03-25T01:33:29Z,77306f7,main,wave/fp_finesse,3.5585
2026-03-25T01:33:29Z,77306f7,main,wave/fp_resolving_power,3.8350
2026-03-25T01:33:29Z,77306f7,main,wave/stokes_dop,3.6392
2026-03-25T01:33:29Z,77306f7,main,wave/mueller_apply,6.7403
2026-03-25T01:33:29Z,77306f7,main,wave/mueller_multiply,13.213
2026-03-25T01:33:29Z,77306f7,main,wave/mueller_polarizer,14.209
2026-03-25T01:33:29Z,77306f7,main,wave/mueller_retarder,12.274
2026-03-25T01:33:29Z,77306f7,main,wave/mueller_chain_3,10.346
2026-03-25T01:33:29Z,77306f7,main,wave/birefringent_retardation,1.1947
2026-03-25T01:33:29Z,77306f7,main,wave/fraunhofer_rect,39.869
2026-03-25T01:33:29Z,77306f7,main,wave/fresnel_integral_c,16.576
2026-03-25T01:33:29Z,77306f7,main,wave/fresnel_integral_s,16.641
2026-03-25T01:33:29Z,77306f7,main,wave/fresnel_edge,18.690
2026-03-25T01:33:29Z,77306f7,main,wave/huygens_fresnel_50,1244.3000
2026-03-25T01:33:29Z,77306f7,main,wave/coating_reflectance,16.136
2026-03-25T01:33:29Z,77306f7,main,wave/multilayer_2,37.340
2026-03-25T01:33:29Z,77306f7,main,wave/diffraction_2d_16,6236.0000
2026-03-25T01:33:29Z,77306f7,main,wave/diffraction_circular_32,25255.0000
2026-03-25T01:33:29Z,77306f7,main,wave/interference_2src_16x16,11075.0000
2026-03-25T01:33:29Z,77306f7,main,wave/spectrum_strip_100,845.11
2026-03-25T01:33:29Z,77306f7,main,wave/psf_32,25408.0000
2026-03-25T01:33:29Z,77306f7,main,lens/thin_lens,1.7036
2026-03-25T01:33:29Z,77306f7,main,lens/magnification,1.1850
2026-03-25T01:33:29Z,77306f7,main,lens/lensmaker,2.6836
2026-03-25T01:33:29Z,77306f7,main,lens/depth_of_field,3.7880
2026-03-25T01:33:29Z,77306f7,main,lens/optical_power,1.9626
2026-03-25T01:33:29Z,77306f7,main,lens/combined_focal,1.7995
2026-03-25T01:33:29Z,77306f7,main,lens/mirror_focal,0.5385
2026-03-25T01:33:29Z,77306f7,main,lens/thick_lens,3.7553
2026-03-25T01:33:29Z,77306f7,main,lens/cardinal_points,8.6075
2026-03-25T01:33:29Z,77306f7,main,lens/f_number,1.1960
2026-03-25T01:33:29Z,77306f7,main,lens/numerical_aperture,8.7051
2026-03-25T01:33:29Z,77306f7,main,lens/airy_disk_radius,0.8811
2026-03-25T01:33:29Z,77306f7,main,lens/field_of_view,8.6861
2026-03-25T01:33:29Z,77306f7,main,lens/mtf_diffraction,8.7585
2026-03-25T01:33:29Z,77306f7,main,lens/seidel_coefficients,11.277
2026-03-25T01:33:29Z,77306f7,main,lens/separated_lenses,3.6778
2026-03-25T01:33:29Z,77306f7,main,lens/aperture_from_f_number,1.2161
2026-03-25T01:33:29Z,77306f7,main,lens/na_from_f_number,1.1875
2026-03-25T01:33:29Z,77306f7,main,lens/diffraction_limit,1.2135
2026-03-25T01:33:29Z,77306f7,main,lens/field_of_view_diagonal,16.801
2026-03-25T01:33:29Z,77306f7,main,lens/mtf_cutoff_frequency,1.1823
2026-03-25T01:33:29Z,77306f7,main,lens/shape_factor,1.2038
2026-03-25T01:33:29Z,77306f7,main,lens/conjugate_factor,1.1911
2026-03-25T01:33:29Z,77306f7,main,lens/lsa,3.9593
2026-03-25T01:33:29Z,77306f7,main,lens/chromatic_aberration,1.1747
2026-03-25T01:33:29Z,77306f7,main,lens/petzval_sum,2.6999
2026-03-25T01:33:29Z,77306f7,main,lens/separated_lenses_bfd,5.1529
2026-03-25T01:33:29Z,77306f7,main,pbr/fresnel_schlick,1.3305
2026-03-25T01:33:29Z,77306f7,main,pbr/fresnel_schlick_rgb,2.4307
2026-03-25T01:33:29Z,77306f7,main,pbr/distribution_ggx,2.6714
2026-03-25T01:33:29Z,77306f7,main,pbr/distribution_beckmann,8.8670
2026-03-25T01:33:29Z,77306f7,main,pbr/geometry_schlick_ggx,1.7872
2026-03-25T01:33:29Z,77306f7,main,pbr/geometry_smith,2.8969
2026-03-25T01:33:29Z,77306f7,main,pbr/cook_torrance,8.5153
2026-03-25T01:33:29Z,77306f7,main,pbr/lambert_diffuse,0.5536
2026-03-25T01:33:29Z,77306f7,main,pbr/lambert_diffuse_rgb,1.5406
2026-03-25T01:33:29Z,77306f7,main,pbr/ior_to_f0,1.2340
2026-03-25T01:33:29Z,77306f7,main,pbr/ggx_aniso,3.9467
2026-03-25T01:33:29Z,77306f7,main,pbr/geometry_smith_aniso,6.7698
2026-03-25T01:33:29Z,77306f7,main,pbr/sheen_charlie,19.364
2026-03-25T01:33:29Z,77306f7,main,pbr/sheen_ashikhmin,1.2664
2026-03-25T01:33:29Z,77306f7,main,pbr/clearcoat_brdf,4.7661
2026-03-25T01:33:29Z,77306f7,main,pbr/clearcoat_blend,2.4353
2026-03-25T01:33:29Z,77306f7,main,pbr/sss_burley,11.753
2026-03-25T01:33:29Z,77306f7,main,pbr/sss_gaussian,6.5259
2026-03-25T01:33:29Z,77306f7,main,pbr/subsurface_diffuse,4.9602
2026-03-25T01:33:29Z,77306f7,main,pbr/iridescence_fresnel,23.159
2026-03-25T01:33:29Z,77306f7,main,pbr/iridescence_rgb,49.041
2026-03-25T01:33:29Z,77306f7,main,pbr/henyey_greenstein,3.5437
2026-03-25T01:33:29Z,77306f7,main,pbr/phase_rayleigh,1.1590
2026-03-25T01:33:29Z,77306f7,main,pbr/volume_transmittance,4.3454
2026-03-25T01:33:29Z,77306f7,main,pbr/inscattering,8.0884
2026-03-25T01:33:29Z,77306f7,main,pbr/sample_ggx,24.174
2026-03-25T01:33:29Z,77306f7,main,pbr/sample_ggx_pdf,3.2353
2026-03-25T01:33:29Z,77306f7,main,pbr/sample_cosine,13.182
2026-03-25T01:33:29Z,77306f7,main,pbr/split_sum,3.1301
2026-03-25T01:33:29Z,77306f7,main,pbr/integrate_brdf_64,1603.3000
2026-03-25T01:33:29Z,77306f7,main,atmosphere/rayleigh_cross_section,1.1593
2026-03-25T01:33:29Z,77306f7,main,atmosphere/rayleigh_scattering_coeff,1.1854
2026-03-25T01:33:29Z,77306f7,main,atmosphere/rayleigh_at_altitude,5.6238
2026-03-25T01:33:29Z,77306f7,main,atmosphere/phase_rayleigh,1.1597
2026-03-25T01:33:29Z,77306f7,main,atmosphere/mie_phase_cornette_shanks,3.7245
2026-03-25T01:33:29Z,77306f7,main,atmosphere/air_mass,22.170
2026-03-25T01:33:29Z,77306f7,main,atmosphere/air_mass_horizon,20.552
2026-03-25T01:33:29Z,77306f7,main,atmosphere/optical_depth_rayleigh,1.1879
2026-03-25T01:33:29Z,77306f7,main,atmosphere/atmospheric_transmittance,30.333
2026-03-25T01:33:29Z,77306f7,main,atmosphere/sky_color_rgb,49.543
2026-03-25T01:33:29Z,77306f7,main,atmosphere/sunlight_color,42.859
2026-03-25T01:33:29Z,77306f7,main,atmosphere/sunset_gradient,88.830
2026-03-25T01:33:29Z,77306f7,main,atmosphere/scattering_angle,40.542
2026-03-25T02:35:52Z,77306f7,main,ray/snell_air_glass,26.327
2026-03-25T02:35:52Z,77306f7,main,ray/snell_tir_check,23.065
2026-03-25T02:35:52Z,77306f7,main,ray/fresnel_normal,1.2362
2026-03-25T02:35:52Z,77306f7,main,ray/fresnel_s,2.0857
2026-03-25T02:35:52Z,77306f7,main,ray/fresnel_p,2.1047
2026-03-25T02:35:52Z,77306f7,main,ray/fresnel_unpolarized,21.808
2026-03-25T02:35:52Z,77306f7,main,ray/critical_angle,6.8042
2026-03-25T02:35:52Z,77306f7,main,ray/reflect_2d,1.7630
2026-03-25T02:35:52Z,77306f7,main,ray/reflect_3d,2.5272
2026-03-25T02:35:52Z,77306f7,main,ray/beer_lambert,4.7845
2026-03-25T02:35:52Z,77306f7,main,ray/brewster_angle,8.4228
2026-03-25T02:35:52Z,77306f7,main,ray/refract_3d,7.4626
2026-03-25T02:35:52Z,77306f7,main,ray/snell_3d,18.548
2026-03-25T02:35:52Z,77306f7,main,ray/sellmeier_n_at,6.0067
2026-03-25T02:35:52Z,77306f7,main,ray/cauchy_n_at,1.1587
2026-03-25T02:35:52Z,77306f7,main,ray/abbe_number,13.629
2026-03-25T02:35:52Z,77306f7,main,ray/prism_deviation,16.627
2026-03-25T02:35:52Z,77306f7,main,ray/trace_plane_surface,14.081
2026-03-25T02:35:52Z,77306f7,main,ray/trace_sphere_surface,33.752
2026-03-25T02:35:52Z,77306f7,main,ray/trace_sequential_2,142.46
2026-03-25T02:35:52Z,77306f7,main,ray/prism_dispersion,22.236
2026-03-25T02:35:52Z,77306f7,main,ray/prism_angular_spread,46.980
2026-03-25T02:35:52Z,77306f7,main,ray/trace_recursive_2,1851.7000
2026-03-25T02:35:52Z,77306f7,main,ray/ray_fan_meridional_21,113.60
2026-03-25T02:35:52Z,77306f7,main,ray/ray_bundle_3x8,449.22
2026-03-25T02:35:52Z,77306f7,main,ray/spot_diagram_2x6,2523.6000
2026-03-25T02:35:52Z,77306f7,main,ray/optical_path_length,169.26
2026-03-25T02:35:52Z,77306f7,main,ray/paraxial_trace_2,15.976
2026-03-25T02:35:52Z,77306f7,main,ray/find_system_properties,151.20
2026-03-25T02:35:52Z,77306f7,main,spectral/wavelength_to_rgb,4.4129
2026-03-25T02:35:52Z,77306f7,main,spectral/wavelength_to_rgb_edge,3.9533
2026-03-25T02:35:52Z,77306f7,main,spectral/planck_radiance,7.2233
2026-03-25T02:35:52Z,77306f7,main,spectral/wien_peak,1.2721
2026-03-25T02:35:52Z,77306f7,main,spectral/color_temp_to_rgb,18.166
2026-03-25T02:35:52Z,77306f7,main,spectral/color_temp_warm,18.477
2026-03-25T02:35:52Z,77306f7,main,spectral/photon_energy_ev,2.3700
2026-03-25T02:35:52Z,77306f7,main,spectral/wavelength_to_frequency,1.2053
2026-03-25T02:35:52Z,77306f7,main,spectral/frequency_to_wavelength,1.2370
2026-03-25T02:35:52Z,77306f7,main,spectral/photon_energy,1.2007
2026-03-25T02:35:52Z,77306f7,main,spectral/rgb_luminance,1.3095
2026-03-25T02:35:52Z,77306f7,main,spectral/rgb_to_u8,3.5232
2026-03-25T02:35:52Z,77306f7,main,spectral/cie_cmf_at,3.9137
2026-03-25T02:35:52Z,77306f7,main,spectral/cie_cmf_at_interp,3.9568
2026-03-25T02:35:52Z,77306f7,main,spectral/xyz_to_xyy,2.2201
2026-03-25T02:35:52Z,77306f7,main,spectral/xyz_to_srgb,53.793
2026-03-25T02:35:52Z,77306f7,main,spectral/xyz_to_linear_srgb,2.1676
2026-03-25T02:35:52Z,77306f7,main,spectral/linear_srgb_to_xyz,1.5425
2026-03-25T02:35:52Z,77306f7,main,spectral/srgb_gamma,11.718
2026-03-25T02:35:52Z,77306f7,main,spectral/srgb_gamma_inv,13.120
2026-03-25T02:35:52Z,77306f7,main,spectral/cct_from_xy,1.9519
2026-03-25T02:35:52Z,77306f7,main,spectral/spd_blackbody,607.49
2026-03-25T02:35:52Z,77306f7,main,spectral/spd_to_xyz,65.319
2026-03-25T02:35:52Z,77306f7,main,spectral/spd_to_srgb,116.95
2026-03-25T02:35:52Z,77306f7,main,spectral/cri,876.48
2026-03-25T02:35:52Z,77306f7,main,wave/interference,8.0204
2026-03-25T02:35:52Z,77306f7,main,wave/single_slit,17.569
2026-03-25T02:35:52Z,77306f7,main,wave/double_slit,28.440
2026-03-25T02:35:52Z,77306f7,main,wave/malus_law,7.8640
2026-03-25T02:35:52Z,77306f7,main,wave/thin_film,11.730
2026-03-25T02:35:52Z,77306f7,main,wave/path_to_phase,1.1639
2026-03-25T02:35:52Z,77306f7,main,wave/grating_maxima_3,30.742
2026-03-25T02:35:52Z,77306f7,main,wave/polarization_intensity,1.2558
2026-03-25T02:35:52Z,77306f7,main,wave/polarization_through,11.434
2026-03-25T02:35:52Z,77306f7,main,wave/is_constructive,2.6205
2026-03-25T02:35:52Z,77306f7,main,wave/is_destructive,2.7718
2026-03-25T02:35:52Z,77306f7,main,wave/coherence_length,1.1631
2026-03-25T02:35:52Z,77306f7,main,wave/coherence_time,2.3057
2026-03-25T02:35:52Z,77306f7,main,wave/bessel_j1,11.859
2026-03-25T02:35:52Z,77306f7,main,wave/bessel_j1_large,14.644
2026-03-25T02:35:52Z,77306f7,main,wave/airy_pattern,13.732
2026-03-25T02:35:52Z,77306f7,main,wave/fp_transmittance,18.321
2026-03-25T02:35:52Z,77306f7,main,wave/fp_finesse,3.4124
2026-03-25T02:35:52Z,77306f7,main,wave/fp_resolving_power,3.7488
2026-03-25T02:35:52Z,77306f7,main,wave/stokes_dop,3.6085
2026-03-25T02:35:52Z,77306f7,main,wave/mueller_apply,6.6201
2026-03-25T02:35:52Z,77306f7,main,wave/mueller_multiply,13.026
2026-03-25T02:35:52Z,77306f7,main,wave/mueller_polarizer,13.748
2026-03-25T02:35:52Z,77306f7,main,wave/mueller_retarder,11.834
2026-03-25T02:35:52Z,77306f7,main,wave/mueller_chain_3,9.8135
2026-03-25T02:35:52Z,77306f7,main,wave/birefringent_retardation,1.1782
2026-03-25T02:35:52Z,77306f7,main,wave/fraunhofer_rect,39.252
2026-03-25T02:35:52Z,77306f7,main,wave/fresnel_integral_c,16.563
2026-03-25T02:35:52Z,77306f7,main,wave/fresnel_integral_s,16.357
2026-03-25T02:35:52Z,77306f7,main,wave/fresnel_edge,18.161
2026-03-25T02:35:52Z,77306f7,main,wave/huygens_fresnel_50,1208.5000
2026-03-25T02:35:52Z,77306f7,main,wave/coating_reflectance,15.758
2026-03-25T02:35:52Z,77306f7,main,wave/multilayer_2,36.715
2026-03-25T02:35:52Z,77306f7,main,wave/diffraction_2d_16,5644.0000
2026-03-25T02:35:52Z,77306f7,main,wave/diffraction_circular_32,23367.0000
2026-03-25T02:35:52Z,77306f7,main,wave/interference_2src_16x16,12050.0000
2026-03-25T02:35:52Z,77306f7,main,wave/spectrum_strip_100,768.05
2026-03-25T02:35:52Z,77306f7,main,wave/psf_32,23313.0000
2026-03-25T02:35:52Z,77306f7,main,lens/thin_lens,1.5555
2026-03-25T02:35:52Z,77306f7,main,lens/magnification,1.1798
2026-03-25T02:35:52Z,77306f7,main,lens/lensmaker,2.6132
2026-03-25T02:35:52Z,77306f7,main,lens/depth_of_field,3.7149
2026-03-25T02:35:52Z,77306f7,main,lens/optical_power,1.9375
2026-03-25T02:35:52Z,77306f7,main,lens/combined_focal,1.8110
2026-03-25T02:35:52Z,77306f7,main,lens/mirror_focal,0.5190
2026-03-25T02:35:52Z,77306f7,main,lens/thick_lens,3.6663
2026-03-25T02:35:52Z,77306f7,main,lens/cardinal_points,8.5183
2026-03-25T02:35:52Z,77306f7,main,lens/f_number,1.1894
2026-03-25T02:35:52Z,77306f7,main,lens/numerical_aperture,8.2922
2026-03-25T02:35:52Z,77306f7,main,lens/airy_disk_radius,0.8457
2026-03-25T02:35:52Z,77306f7,main,lens/field_of_view,8.2664
2026-03-25T02:35:52Z,77306f7,main,lens/mtf_diffraction,10.084
2026-03-25T02:35:52Z,77306f7,main,lens/seidel_coefficients,10.934
2026-03-25T02:35:52Z,77306f7,main,lens/separated_lenses,3.6466
2026-03-25T02:35:52Z,77306f7,main,lens/aperture_from_f_number,1.2257
2026-03-25T02:35:52Z,77306f7,main,lens/na_from_f_number,1.1968
2026-03-25T02:35:52Z,77306f7,main,lens/diffraction_limit,1.2538
2026-03-25T02:35:52Z,77306f7,main,lens/field_of_view_diagonal,16.850
2026-03-25T02:35:52Z,77306f7,main,lens/mtf_cutoff_frequency,1.1992
2026-03-25T02:35:52Z,77306f7,main,lens/shape_factor,1.2097
2026-03-25T02:35:52Z,77306f7,main,lens/conjugate_factor,1.2063
2026-03-25T02:35:52Z,77306f7,main,lens/lsa,3.8226
2026-03-25T02:35:52Z,77306f7,main,lens/chromatic_aberration,1.2238
2026-03-25T02:35:52Z,77306f7,main,lens/petzval_sum,2.3877
2026-03-25T02:35:52Z,77306f7,main,lens/separated_lenses_bfd,4.7773
2026-03-25T02:35:52Z,77306f7,main,pbr/fresnel_schlick,1.2410
2026-03-25T02:35:52Z,77306f7,main,pbr/fresnel_schlick_rgb,2.2826
2026-03-25T02:35:52Z,77306f7,main,pbr/distribution_ggx,2.3628
2026-03-25T02:35:52Z,77306f7,main,pbr/distribution_beckmann,8.7203
2026-03-25T02:35:52Z,77306f7,main,pbr/geometry_schlick_ggx,1.7146
2026-03-25T02:35:52Z,77306f7,main,pbr/geometry_smith,2.7116
2026-03-25T02:35:52Z,77306f7,main,pbr/cook_torrance,8.3376
2026-03-25T02:35:52Z,77306f7,main,pbr/lambert_diffuse,0.5657
2026-03-25T02:35:52Z,77306f7,main,pbr/lambert_diffuse_rgb,1.6125
2026-03-25T02:35:52Z,77306f7,main,pbr/ior_to_f0,1.2754
2026-03-25T02:35:52Z,77306f7,main,pbr/ggx_aniso,4.2174
2026-03-25T02:35:52Z,77306f7,main,pbr/geometry_smith_aniso,7.1132
2026-03-25T02:35:52Z,77306f7,main,pbr/sheen_charlie,20.327
2026-03-25T02:35:52Z,77306f7,main,pbr/sheen_ashikhmin,1.3598
2026-03-25T02:35:52Z,77306f7,main,pbr/clearcoat_brdf,4.9004
2026-03-25T02:35:52Z,77306f7,main,pbr/clearcoat_blend,2.4075
2026-03-25T02:35:52Z,77306f7,main,pbr/sss_burley,13.369
2026-03-25T02:35:52Z,77306f7,main,pbr/sss_gaussian,7.1627
2026-03-25T02:35:52Z,77306f7,main,pbr/subsurface_diffuse,4.9985
2026-03-25T02:35:52Z,77306f7,main,pbr/iridescence_fresnel,24.510
2026-03-25T02:35:52Z,77306f7,main,pbr/iridescence_rgb,50.098
2026-03-25T02:35:52Z,77306f7,main,pbr/henyey_greenstein,3.6158
2026-03-25T02:35:52Z,77306f7,main,pbr/phase_rayleigh,1.1818
2026-03-25T02:35:52Z,77306f7,main,pbr/volume_transmittance,4.6619
2026-03-25T02:35:52Z,77306f7,main,pbr/inscattering,8.5066
2026-03-25T02:35:52Z,77306f7,main,pbr/sample_ggx,24.454
2026-03-25T02:35:52Z,77306f7,main,pbr/sample_ggx_pdf,3.3237
2026-03-25T02:35:52Z,77306f7,main,pbr/sample_cosine,13.694
2026-03-25T02:35:52Z,77306f7,main,pbr/split_sum,3.1971
2026-03-25T02:35:52Z,77306f7,main,pbr/integrate_brdf_64,1778.9000
2026-03-25T02:35:52Z,77306f7,main,atmosphere/rayleigh_cross_section,1.2051
2026-03-25T02:35:52Z,77306f7,main,atmosphere/rayleigh_scattering_coeff,1.2538
2026-03-25T02:35:52Z,77306f7,main,atmosphere/rayleigh_at_altitude,6.5231
2026-03-25T02:35:52Z,77306f7,main,atmosphere/phase_rayleigh,1.3002
2026-03-25T02:35:52Z,77306f7,main,atmosphere/mie_phase_cornette_shanks,3.8982
2026-03-25T02:35:52Z,77306f7,main,atmosphere/air_mass,24.504
2026-03-25T02:35:52Z,77306f7,main,atmosphere/air_mass_horizon,22.418
2026-03-25T02:35:52Z,77306f7,main,atmosphere/optical_depth_rayleigh,1.2416
2026-03-25T02:35:52Z,77306f7,main,atmosphere/atmospheric_transmittance,32.823
2026-03-25T02:35:52Z,77306f7,main,atmosphere/sky_color_rgb,54.965
2026-03-25T02:35:52Z,77306f7,main,atmosphere/sunlight_color,47.985
2026-03-25T02:35:52Z,77306f7,main,atmosphere/sunset_gradient,103.86
2026-03-25T02:35:52Z,77306f7,main,atmosphere/scattering_angle,42.899
